Player_id,Team_id,Trial_date,Mood_score,MI_Team_id,Sleep_score,Sleep_hours,Recovery_score,Energy_score,Stress_score,Muscle_soreness_score,Voet,Kuit,Hamstring,Bovenbeen,Lies,Anders,PlayerName,TotalScore
1596,0,19/02/2019,15,Marketing,35,5,79,82,97,4,45,92,28,85,4,17,Terry,35
641,41,21/11/2018,62,Marketing,36,7,10,1,75,52,13,72,12,8,65,19,Allys,31
1796,15,22/03/2012,59,Human Resources,19,5,18,62,5,39,70,65,19,79,27,74,Fayre,3
1377,9,24/10/2017,97,Accounting,19,6,81,18,19,8,14,19,83,69,47,42,Mitchael,17
286,45,11/06/2010,18,Product Management,97,0,26,45,16,65,25,22,46,32,81,30,Maximilian,96
1812,44,07/01/2018,95,Engineering,51,9,33,44,0,76,16,91,50,72,54,86,Meris,8
1508,11,16/01/2011,72,Business Development,44,7,44,74,73,83,18,84,95,66,80,91,Carlee,57
1632,20,01/06/2012,36,Accounting,100,4,86,25,31,83,66,87,24,41,61,29,Waldo,43
1812,47,30/05/2019,5,Business Development,23,1,42,4,28,36,43,93,27,30,34,63,Chadd,81
994,0,12/09/2013,98,Services,72,2,69,73,23,80,87,11,43,76,25,72,Brenn,87
1049,27,19/07/2013,54,Research and Development,91,8,67,59,32,20,21,21,5,18,22,82,Gabriellia,96
533,16,25/09/2014,75,Research and Development,26,5,6,89,99,42,65,82,45,67,92,73,Melesa,35
1910,28,24/02/2019,40,Services,81,4,38,0,50,32,40,99,29,21,41,22,Richart,32
1471,8,11/01/2019,88,Services,91,7,46,2,54,7,3,24,8,55,14,93,George,23
1872,26,18/05/2014,45,Human Resources,47,7,52,62,32,22,87,26,58,1,70,29,Brigitte,87
484,46,11/08/2011,51,Training,58,5,30,69,94,25,19,92,93,33,1,100,Carmine,63
1676,36,26/02/2019,1,Marketing,24,9,71,54,71,27,0,71,99,27,70,69,Davide,8
467,47,27/06/2015,27,Marketing,45,7,70,3,43,7,42,43,65,26,51,51,Liana,63
69,45,18/09/2017,77,Product Management,99,7,23,46,39,90,13,42,78,41,55,20,Alla,81
1608,10,09/11/2017,89,Research and Development,5,0,84,81,91,20,5,22,29,39,49,35,Vin,66
838,16,11/12/2019,92,Human Resources,50,7,48,57,20,12,14,59,13,46,47,34,Janith,30
1220,10,15/10/2014,90,Support,97,2,69,85,36,4,56,71,84,70,64,9,Baryram,55
426,12,24/09/2012,56,Services,75,4,48,62,75,70,67,14,17,33,72,16,Waneta,9
556,9,15/08/2016,74,Human Resources,62,0,58,61,41,39,8,12,92,91,92,90,Marilyn,6
612,40,09/09/2010,19,Services,95,7,25,67,14,17,89,79,16,57,22,87,Ailey,68
185,21,19/03/2019,17,Accounting,17,2,77,54,73,50,20,32,8,2,36,95,Boyd,69
1673,36,17/07/2014,90,Support,37,4,29,22,70,73,49,14,30,57,97,12,Jarib,80
1044,11,02/09/2012,17,Accounting,69,0,90,87,72,44,41,91,95,32,33,20,Darrell,4
1407,6,13/08/2016,56,Support,12,2,68,96,84,16,76,81,29,91,83,4,Reece,78
1827,33,31/03/2016,2,Product Management,39,8,32,44,73,75,82,93,96,60,80,43,Daron,1
1874,11,18/08/2014,85,Sales,74,3,15,68,70,91,46,17,9,90,39,40,Albertine,68
634,31,01/09/2014,95,Support,30,3,16,77,99,10,62,97,38,30,70,7,Shea,2
682,1,03/07/2012,47,Marketing,50,8,57,91,79,73,68,81,57,36,62,3,Odie,80
909,22,16/05/2015,68,Legal,26,1,86,42,13,24,43,79,67,1,18,32,Sollie,4
1882,37,08/07/2011,28,Research and Development,24,5,90,52,19,17,95,83,76,78,50,67,Amil,28
662,26,09/09/2015,0,Support,6,0,1,38,39,88,8,38,3,37,0,38,Teddie,24
1598,40,13/01/2017,87,Engineering,98,1,84,90,38,52,35,6,15,35,64,59,Vaughan,46
216,31,17/02/2016,77,Engineering,25,3,75,55,82,70,81,90,84,37,14,13,Meryl,27
1795,32,12/03/2015,13,Sales,14,5,86,37,42,47,72,3,29,83,90,58,Daria,40
739,18,09/11/2016,59,Engineering,91,10,7,35,24,45,72,57,38,65,31,21,Kahaleel,68
1835,47,22/04/2018,61,Business Development,53,5,52,84,42,11,31,24,55,56,97,43,Idalina,81
223,42,30/01/2015,25,Accounting,5,1,9,41,72,51,3,40,70,58,29,33,Janetta,75
1466,17,24/03/2019,28,Sales,69,8,57,63,47,46,1,29,66,100,79,27,Juliana,33
532,20,21/04/2014,21,Marketing,67,6,94,97,22,17,94,12,57,11,60,3,Melissa,20
1680,38,24/06/2016,11,Services,36,3,77,25,9,64,26,86,67,85,70,94,Roley,95
1257,35,28/11/2010,8,Product Management,54,9,15,67,62,5,21,64,43,59,24,14,Madge,35
1144,14,15/01/2012,38,Business Development,94,10,48,63,77,49,29,77,84,30,91,1,Rozanna,45
545,35,15/05/2014,59,Marketing,4,7,59,83,61,84,12,45,92,8,30,33,Genni,5
1459,31,05/10/2011,48,Support,43,4,19,4,32,95,35,13,25,91,23,29,Verna,51
587,40,31/05/2013,45,Accounting,51,10,85,93,42,56,69,17,42,2,94,90,Amabelle,24
898,31,29/09/2016,47,Legal,74,3,55,74,16,20,48,0,53,10,41,48,Saxon,80
979,0,03/09/2011,91,Training,27,6,66,10,70,12,1,41,38,90,86,37,Jacenta,99
852,42,05/06/2013,94,Research and Development,4,8,42,30,45,40,14,71,84,53,88,30,Rochelle,24
1248,34,16/12/2011,90,Product Management,80,3,37,41,4,20,7,91,5,82,55,25,Leslie,42
1041,38,26/06/2010,83,Business Development,55,9,16,5,26,3,13,91,93,37,72,69,Baudoin,56
819,1,25/05/2016,51,Engineering,81,9,1,45,1,10,19,10,59,49,31,97,Marie-jeanne,1
1959,17,06/10/2011,26,Accounting,19,7,100,50,73,38,17,2,47,42,10,38,Glenda,65
1306,16,06/12/2015,27,Accounting,58,0,4,69,22,51,53,32,18,10,50,70,Janessa,87
319,50,08/04/2013,63,Marketing,61,9,80,64,65,52,21,31,75,43,79,75,Minnaminnie,2
1055,1,13/09/2018,37,Research and Development,13,9,91,7,17,59,11,9,5,46,57,67,Jocko,63
980,31,15/06/2017,63,Product Management,53,9,66,24,91,15,20,38,88,26,80,21,Zeke,20
23,43,16/05/2017,19,Services,13,1,57,85,48,38,13,73,61,43,4,27,Sheena,58
1692,24,17/03/2019,88,Research and Development,63,6,49,61,62,67,75,93,90,36,93,24,Derron,28
742,17,18/08/2017,42,Research and Development,98,9,26,82,61,41,20,85,26,21,85,55,Miriam,81
1320,10,02/02/2016,36,Human Resources,63,5,48,14,90,37,47,44,39,12,80,78,Coriss,79
1992,41,02/02/2019,41,Product Management,41,0,37,26,15,84,92,20,65,22,1,73,Judy,76
1153,14,14/02/2017,74,Human Resources,88,0,53,83,78,41,87,6,21,85,28,27,Edna,74
446,43,15/11/2015,19,Marketing,45,8,10,23,21,47,29,31,31,18,95,68,Geneva,44
397,9,20/12/2014,93,Legal,84,2,50,68,16,15,30,79,30,51,56,55,Cody,73
1670,7,14/03/2013,2,Training,7,9,29,48,66,19,14,82,35,11,97,53,Fredelia,92
1491,23,28/06/2010,29,Support,41,0,23,82,29,34,95,74,13,88,15,12,Imogen,70
1851,41,27/06/2012,26,Support,100,0,81,67,99,86,8,11,21,93,86,17,North,42
1542,49,22/11/2011,29,Sales,26,5,88,2,90,80,74,2,57,5,50,21,Sydel,52
908,29,25/04/2016,81,Engineering,18,7,92,22,67,48,20,92,63,72,90,95,Armand,85
475,2,03/03/2017,5,Product Management,56,9,77,18,94,70,94,90,97,29,27,68,Garrett,36
12,36,10/01/2016,51,Marketing,10,2,99,67,19,48,73,28,87,35,14,94,Averill,1
836,23,13/05/2016,62,Engineering,25,3,7,33,79,96,89,70,75,18,86,10,Ferd,14
1393,5,29/08/2010,47,Engineering,85,4,1,25,24,10,35,69,75,32,16,69,Magdalene,52
1246,21,25/05/2018,27,Support,20,2,87,25,28,99,37,17,57,15,24,56,Mariya,58
475,26,03/07/2015,71,Legal,93,2,58,41,90,53,31,89,52,50,90,98,Gwendolen,95
668,37,14/10/2012,51,Business Development,4,2,26,65,43,59,95,20,84,26,21,98,Michale,16
1178,30,26/09/2013,84,Product Management,74,7,25,78,87,22,46,79,73,2,44,66,Chaunce,39
491,34,03/05/2014,94,Support,21,4,16,95,71,44,61,46,40,40,56,72,Yoshiko,85
1735,49,05/06/2017,20,Sales,35,8,22,94,62,0,88,66,55,72,24,91,Merissa,49
1420,8,08/03/2012,47,Accounting,96,5,49,3,75,66,21,7,62,32,91,42,Frederich,76
713,46,06/03/2013,63,Research and Development,26,10,97,100,28,13,73,70,65,23,16,59,King,55
579,29,05/01/2014,84,Legal,34,6,66,76,42,65,21,93,13,67,49,79,Abbe,85
424,12,24/07/2016,71,Legal,78,7,25,40,43,80,89,19,38,32,89,6,Harrietta,96
934,28,23/04/2019,46,Accounting,33,10,91,6,37,37,47,63,47,98,68,48,Alameda,88
116,49,25/12/2012,96,Sales,9,0,37,55,84,21,30,16,48,28,8,11,Michail,70
1217,36,07/06/2016,2,Human Resources,92,8,3,21,38,36,26,13,47,53,16,0,Xavier,42
606,41,08/08/2011,2,Training,85,7,86,86,11,34,21,90,14,95,45,29,Fernande,92
1812,38,23/11/2014,81,Product Management,84,10,85,76,93,21,91,64,74,51,69,70,Filippo,33
380,41,23/03/2013,93,Business Development,86,8,68,80,53,64,18,92,52,76,48,51,Olly,21
1299,12,24/07/2018,76,Research and Development,53,10,29,19,88,6,52,47,66,99,21,83,Lucinda,35
1320,25,05/03/2017,96,Human Resources,63,4,76,8,56,72,78,94,6,33,13,76,Carin,95
1175,4,30/11/2018,36,Marketing,47,7,77,57,88,1,24,83,57,0,18,24,Alessandro,98
1225,19,24/10/2011,79,Services,71,7,55,25,17,80,98,5,11,46,22,20,Prissie,76
52,3,15/04/2011,15,Accounting,76,0,70,34,91,76,88,68,71,86,6,70,Ripley,27
1261,1,07/06/2012,46,Research and Development,18,8,93,62,19,61,76,82,53,52,24,66,Heddi,1
924,11,17/04/2019,57,Training,71,1,22,17,55,29,91,54,65,35,7,60,Camala,83
877,22,15/06/2019,3,Engineering,96,5,75,43,29,32,52,12,31,21,56,38,Gretta,35
1090,28,07/05/2016,9,Services,51,8,44,87,17,57,64,80,23,2,75,30,Clerkclaude,92
1581,45,11/05/2012,15,Accounting,21,7,27,67,54,85,47,73,12,10,6,6,Evered,44
650,2,11/06/2013,80,Support,39,0,99,23,98,53,94,4,53,52,26,33,Weber,96
1862,33,21/09/2016,5,Product Management,86,4,80,48,12,22,39,78,1,38,6,28,Kain,45
919,6,27/05/2017,100,Training,29,5,65,90,79,47,73,25,78,98,46,71,Berna,22
837,7,01/02/2015,78,Accounting,9,4,12,55,93,95,3,18,27,93,99,6,Gearard,86
1625,7,12/06/2017,84,Legal,36,10,0,92,48,0,21,10,98,10,47,15,Blithe,85
1426,48,19/02/2012,48,Engineering,41,4,93,96,35,36,82,32,64,57,72,66,Richard,33
1470,46,01/07/2013,3,Human Resources,39,8,9,84,68,54,60,83,24,28,79,21,Edmund,69
607,28,07/08/2014,27,Accounting,19,4,13,50,33,89,54,25,73,81,33,33,Georgie,34
1382,28,18/02/2019,69,Legal,23,9,75,100,93,52,54,58,14,8,10,7,Wilden,5
1794,35,30/03/2020,96,Support,59,10,60,82,21,87,11,46,70,86,8,31,Etti,67
1305,20,01/08/2018,56,Services,12,8,66,61,97,18,59,27,30,79,37,37,Sammy,9
1140,39,15/05/2017,9,Support,22,2,72,20,41,12,26,6,94,94,20,4,Ezri,24
1615,17,21/07/2016,64,Legal,78,2,73,36,83,60,68,54,44,75,9,66,Kerry,39
1664,26,06/07/2010,69,Product Management,11,9,39,98,59,16,55,40,93,63,94,40,Georgeanna,80
1476,37,19/08/2019,46,Human Resources,100,7,69,3,57,46,56,100,18,94,37,68,Mirabelle,34
1291,7,27/12/2013,91,Services,25,0,23,0,54,30,25,52,71,65,0,99,Roobbie,42
1559,46,10/05/2019,9,Research and Development,76,0,93,62,85,99,86,64,0,18,16,8,Odella,40
1825,28,16/02/2013,53,Support,38,5,81,14,26,7,14,86,22,78,92,89,Feliks,54
1769,29,22/04/2019,41,Legal,10,5,88,77,14,19,97,39,20,72,58,12,Cesar,89
299,33,11/12/2018,81,Accounting,39,3,74,41,75,39,58,21,51,93,64,37,Georgina,18
329,44,19/11/2019,81,Product Management,42,8,53,62,36,65,60,37,34,51,74,77,Whittaker,67
575,47,06/05/2018,91,Support,100,6,20,43,57,94,100,13,64,62,45,61,Mohandis,39
219,20,11/02/2012,21,Business Development,49,0,38,34,90,85,78,5,88,44,0,36,Cob,83
107,18,29/04/2012,93,Legal,59,2,93,82,92,46,43,14,45,37,87,47,Bartolemo,57
1985,8,13/09/2018,0,Legal,72,4,70,23,32,66,45,97,82,10,46,55,Steffi,99
1302,38,03/10/2019,45,Product Management,17,5,78,81,23,91,9,1,89,61,77,91,Dayle,63
1699,2,22/07/2015,10,Sales,91,7,75,17,6,20,45,6,88,87,93,60,Peggy,73
662,15,17/10/2010,18,Engineering,13,10,89,92,9,99,69,72,19,5,10,14,Tobye,73
604,39,03/01/2011,1,Sales,93,3,39,77,74,94,20,51,81,92,95,48,Sibelle,15
478,10,01/07/2019,57,Human Resources,11,2,2,91,9,43,31,46,73,92,26,71,Josephine,38
1507,23,04/09/2017,14,Legal,11,0,13,25,42,85,45,5,44,29,47,94,Jen,39
1221,30,12/01/2011,29,Sales,81,2,99,25,18,89,59,81,59,70,18,89,Clarabelle,79
1138,8,05/12/2015,98,Business Development,71,8,55,58,74,29,34,92,39,82,64,2,Emmanuel,16
1425,13,08/12/2010,62,Legal,67,6,40,76,36,76,95,85,25,96,37,73,Vanni,26
37,0,05/12/2012,65,Training,96,2,73,87,47,92,93,28,92,9,27,100,Thomasa,83
475,40,18/10/2019,77,Training,44,3,2,77,71,4,99,54,14,12,74,34,Christina,22
402,30,12/01/2011,93,Legal,15,3,81,65,76,61,57,86,48,5,67,19,Damaris,79
1089,32,10/02/2018,64,Engineering,93,3,38,94,42,57,16,90,16,80,85,87,Cherri,0
1750,26,25/12/2011,12,Support,29,1,49,53,10,62,82,9,27,97,26,21,Otes,8
1213,40,17/09/2016,69,Human Resources,77,6,3,84,61,65,1,90,15,74,45,53,Madalyn,32
300,2,05/09/2018,49,Services,99,2,86,92,73,22,55,35,11,4,68,51,Dana,90
1505,21,29/03/2019,19,Product Management,86,1,48,41,14,18,14,46,23,13,48,28,Viola,26
372,45,10/12/2017,17,Marketing,71,2,6,74,13,59,3,22,81,97,39,6,Franni,58
522,22,08/03/2020,47,Support,56,6,21,61,2,45,53,32,98,73,12,55,Jocelyne,75
1486,7,15/04/2014,83,Services,19,0,36,76,43,78,42,83,9,49,60,3,Carmela,80
1799,11,27/03/2018,94,Engineering,35,4,90,48,96,77,100,28,41,56,48,15,Charleen,81
1963,44,04/10/2012,39,Training,26,0,44,49,75,39,39,43,16,82,59,57,Idelle,50
1733,24,01/03/2015,28,Services,92,7,15,76,11,39,9,58,68,23,93,89,Mort,8
112,27,30/01/2016,25,Support,24,2,73,6,59,3,59,73,21,93,46,30,Herve,29
83,5,27/02/2017,49,Business Development,39,4,70,49,34,44,13,41,99,11,68,68,Lacee,35
884,21,01/09/2017,30,Engineering,99,7,64,36,99,23,74,78,84,29,100,63,Essa,94
1835,42,21/05/2011,100,Human Resources,95,3,84,63,98,2,64,0,53,43,22,30,Libby,89
1804,21,16/10/2012,11,Marketing,71,6,71,72,44,92,74,69,48,2,5,30,Karee,40
1242,2,29/10/2016,85,Human Resources,45,9,47,69,92,33,82,97,27,88,37,10,Willdon,22
1388,30,14/04/2010,90,Services,29,3,33,41,2,10,28,40,44,85,52,58,Linoel,33
591,3,14/02/2018,91,Sales,51,6,28,21,82,94,84,45,57,91,46,85,Guillemette,57
1,50,29/08/2018,4,Sales,31,0,4,85,6,76,34,78,22,95,42,42,Bertina,39
1194,41,04/04/2011,25,Business Development,84,9,66,46,36,45,46,79,98,89,92,43,Allissa,77
523,18,28/10/2018,25,Business Development,31,6,1,72,29,41,20,55,40,94,73,62,Adelaida,36
1522,46,13/01/2011,36,Human Resources,2,10,48,63,51,99,33,76,95,66,77,14,Shina,42
438,13,26/03/2018,88,Research and Development,12,9,37,27,62,99,75,91,15,72,63,0,Bealle,4
1676,16,02/07/2014,13,Training,7,4,63,12,95,62,78,91,2,7,60,70,Jaclin,77
489,43,13/09/2011,14,Services,79,8,29,45,91,89,38,72,50,14,88,28,Rayner,9
1993,47,18/09/2016,57,Services,54,8,32,71,27,21,76,88,66,18,17,87,Andrei,37
509,12,14/05/2013,78,Training,29,9,61,69,57,87,7,89,3,87,91,82,Daile,7
1202,21,11/06/2012,93,Human Resources,99,0,6,65,58,84,23,25,36,61,97,28,Bobby,15
1652,38,15/05/2018,68,Services,73,6,65,14,73,89,21,64,99,81,37,82,Royce,38
142,1,26/03/2011,70,Services,79,8,35,53,28,40,99,48,26,95,65,18,Kahlil,21
1151,35,13/09/2012,91,Support,4,6,72,36,42,60,8,79,37,29,82,53,Wainwright,1
716,44,21/09/2018,28,Research and Development,99,3,15,77,2,53,21,85,11,91,85,81,Kort,68
1215,26,06/06/2015,36,Training,17,10,79,48,96,27,74,100,59,18,41,56,Jeramie,16
373,35,24/06/2014,29,Sales,28,10,87,67,44,99,31,89,66,97,50,58,Jecho,74
1523,29,14/06/2014,89,Engineering,41,7,52,92,99,7,24,81,38,74,93,49,Vincent,50
1207,35,19/03/2011,10,Legal,94,0,31,82,14,41,90,57,33,6,50,87,Terrell,8
1536,35,13/12/2017,87,Accounting,20,2,52,6,44,16,38,87,63,43,62,96,Mose,39
998,33,20/04/2013,17,Research and Development,65,3,47,88,26,36,77,38,81,45,24,75,Noll,48
845,0,21/03/2018,18,Engineering,86,2,56,20,67,44,98,28,24,88,53,32,Aimil,40
14,40,29/01/2015,48,Marketing,100,2,20,3,29,47,42,34,2,58,89,100,Jerald,68
128,32,16/05/2016,0,Training,79,2,91,21,82,76,96,41,2,53,12,9,Florida,11
1213,38,22/11/2014,79,Marketing,100,4,42,93,37,43,85,92,70,54,21,10,Henka,72
1489,33,19/08/2012,13,Accounting,20,7,75,26,3,43,75,67,23,72,87,94,Millard,21
716,16,11/05/2012,32,Business Development,91,7,93,33,34,34,42,40,52,25,90,63,Ange,56
1787,30,21/11/2013,40,Research and Development,43,4,4,67,10,67,100,69,91,22,90,56,Karen,94
484,32,12/10/2017,63,Support,36,1,25,99,97,97,59,61,73,40,18,75,Charmaine,53
1650,27,31/03/2014,42,Engineering,31,5,15,28,42,65,24,1,75,34,49,61,Joelie,79
1405,7,03/07/2010,25,Research and Development,45,3,30,11,81,60,44,94,62,7,27,41,Evonne,84
278,6,10/12/2016,12,Human Resources,96,1,84,22,77,95,16,34,88,83,69,89,Theobald,42
1649,0,27/12/2017,26,Business Development,68,8,55,87,75,50,47,93,47,70,60,98,Gerianne,97
1051,22,03/08/2016,29,Accounting,40,1,88,92,43,42,89,79,58,64,93,8,Zonda,87
1455,43,24/03/2018,65,Marketing,69,8,95,74,6,26,64,8,51,95,0,30,Julina,100
1985,12,12/04/2015,93,Engineering,18,2,19,46,59,77,19,56,25,50,44,64,Misti,26
699,31,13/09/2018,20,Training,6,9,58,13,30,51,50,41,96,75,2,96,Micah,61
1910,2,20/11/2010,15,Research and Development,90,10,92,45,61,24,13,42,65,11,0,18,Tallulah,12
1596,1,27/09/2019,33,Sales,74,0,2,27,72,3,36,63,54,71,49,26,Effie,37
923,2,02/07/2014,54,Marketing,86,7,72,17,5,12,95,57,20,80,44,48,Savina,98
1109,2,15/07/2011,21,Accounting,44,6,80,41,92,59,32,76,84,0,13,18,Olympia,14
242,3,22/08/2011,60,Research and Development,14,9,7,0,5,48,30,71,59,4,14,40,Alene,69
1381,6,02/12/2014,97,Sales,46,2,91,36,42,23,79,48,36,83,0,0,Harrie,2
1491,2,28/01/2020,79,Services,15,2,94,33,46,65,2,16,24,37,14,23,Viviyan,15
868,41,30/09/2019,97,Human Resources,50,7,6,96,23,17,29,42,49,71,37,62,Therese,19
907,14,10/01/2019,47,Human Resources,41,9,51,65,27,68,46,54,74,20,55,82,Effie,29
450,13,17/04/2015,0,Support,28,5,89,13,34,61,26,99,9,25,33,9,Barbabra,18
1143,21,20/05/2019,79,Accounting,19,7,73,100,66,70,63,43,91,67,61,1,Matt,32
964,16,14/07/2010,56,Business Development,8,3,73,0,99,69,39,84,77,11,94,77,Micki,89
1069,10,24/03/2012,78,Sales,59,2,70,21,71,72,69,27,49,37,32,72,Marcille,19
104,7,22/11/2012,57,Human Resources,19,1,56,40,97,89,58,54,80,39,21,51,Leupold,0
1737,1,22/10/2013,31,Support,81,9,48,58,55,32,81,13,49,12,72,85,Kevin,90
1423,13,05/04/2016,47,Engineering,75,5,24,69,26,85,92,85,32,70,38,50,Benedikt,68
1403,34,26/09/2010,56,Training,2,5,12,41,5,8,97,14,61,89,23,87,Emlen,75
407,32,29/11/2011,9,Research and Development,82,2,63,86,6,24,36,75,87,47,78,39,Orelle,42
1658,4,15/08/2016,29,Product Management,3,7,39,87,53,80,40,78,36,23,66,95,Zena,12
232,23,19/08/2011,80,Sales,27,8,57,32,40,77,63,1,44,75,13,80,Kyle,53
1065,2,06/03/2017,2,Support,64,10,100,14,0,88,45,5,51,70,17,76,Liesa,4
853,39,02/10/2012,35,Legal,59,8,41,68,56,11,42,3,55,23,20,34,Jayme,62
579,16,02/07/2014,72,Human Resources,22,4,71,58,0,92,44,33,3,10,18,51,Noak,89
34,43,03/02/2014,66,Engineering,77,2,95,22,66,29,33,72,97,62,50,64,Tyson,78
977,6,31/12/2014,84,Services,45,1,83,50,97,86,96,41,91,45,64,62,Carly,32
500,23,01/11/2013,29,Training,23,10,63,61,100,77,65,85,69,0,24,73,Hailee,35
928,38,04/10/2015,56,Accounting,57,7,34,59,100,93,60,20,32,82,44,81,Keely,77
617,29,27/05/2011,50,Services,8,6,58,32,62,37,61,13,8,41,46,5,Iolanthe,3
1387,40,02/04/2020,21,Accounting,86,6,72,89,0,77,48,76,61,67,78,64,Renell,1
89,25,10/11/2014,2,Legal,69,0,66,37,55,8,51,40,51,40,28,42,Dar,26
1430,12,22/11/2017,57,Human Resources,37,6,64,38,25,22,75,66,85,9,3,33,Theo,77
950,24,29/12/2016,99,Services,43,10,44,49,67,33,7,73,73,84,61,46,Tiffany,11
1662,38,16/03/2017,100,Sales,75,7,48,32,89,73,57,46,42,71,53,55,Jobina,58
31,29,26/05/2013,71,Marketing,55,6,63,97,58,49,98,84,60,74,94,58,Nedda,42
1067,3,06/03/2011,81,Marketing,40,7,57,80,40,53,12,14,54,72,12,96,Margy,65
890,16,20/05/2016,49,Sales,12,9,9,14,62,67,88,74,11,49,61,21,Lura,74
884,38,07/09/2015,96,Accounting,26,8,94,56,31,12,5,26,38,24,56,11,Vail,1
614,24,23/06/2019,64,Marketing,42,4,0,16,25,49,35,8,49,23,22,76,Gael,61
1914,35,25/10/2011,60,Legal,41,1,19,24,5,75,18,56,45,8,91,58,Nigel,59
1395,0,22/11/2013,99,Legal,66,5,17,28,69,22,58,40,81,70,23,83,Whitney,80
373,49,30/12/2014,5,Sales,2,8,5,87,87,99,48,14,80,86,90,11,Gusty,92
232,31,02/01/2017,79,Research and Development,6,7,48,72,3,49,65,34,57,27,37,40,Selene,94
915,16,14/06/2019,97,Training,54,0,69,52,24,50,24,18,30,78,72,27,Almeria,60
805,29,11/06/2016,72,Services,29,7,99,60,87,75,72,48,58,69,73,52,Thorstein,82
94,24,14/07/2011,17,Legal,26,2,8,85,27,67,12,23,53,94,53,65,Stefano,95
772,40,26/09/2017,17,Research and Development,47,1,86,60,60,98,31,39,0,59,34,58,Leandra,59
699,32,11/11/2017,14,Business Development,52,2,3,79,83,21,23,21,89,53,82,6,Alain,51
1466,34,06/06/2016,76,Accounting,95,1,64,75,25,55,72,44,61,73,24,45,Tedman,93
44,28,16/02/2017,61,Legal,39,2,42,29,26,67,69,27,22,61,45,18,Phillip,61
1338,27,23/01/2014,86,Training,36,7,45,93,41,9,93,26,99,85,68,36,Fairlie,25
1479,16,04/10/2019,41,Training,8,3,16,76,60,62,55,44,8,13,84,65,Lindsay,24
1310,6,16/02/2011,80,Marketing,76,6,70,57,38,98,35,56,33,34,34,91,Lind,12
1674,14,16/10/2011,81,Support,70,9,29,88,18,53,30,78,12,28,91,33,Emmi,73
894,8,27/09/2013,90,Marketing,12,5,68,68,76,74,68,30,16,12,10,19,Birk,46
193,1,17/04/2014,47,Research and Development,92,1,36,32,8,74,26,35,39,44,60,32,Appolonia,16
992,32,04/10/2013,57,Human Resources,9,1,84,68,62,71,51,98,35,97,15,93,Jannelle,48
1029,27,13/05/2013,20,Accounting,80,5,92,38,12,11,71,30,35,68,75,14,Wilfrid,46
499,39,30/04/2016,45,Engineering,31,9,21,22,4,73,77,32,29,76,77,10,Caryn,39
1672,6,16/03/2016,96,Engineering,63,6,83,100,54,47,52,23,67,52,10,84,Romy,4
1157,12,12/12/2015,88,Support,0,6,59,51,12,30,0,67,41,10,71,85,Marillin,72
1629,34,30/11/2019,46,Support,63,6,23,67,11,33,1,72,94,28,96,40,Sacha,90
258,49,16/08/2019,22,Legal,63,6,82,78,12,96,25,73,87,66,69,84,Romona,82
1752,8,06/12/2010,47,Research and Development,72,4,65,30,31,61,6,13,16,40,54,42,Claudius,64
101,46,29/10/2011,53,Services,100,5,28,10,81,9,97,93,62,42,47,41,Lavina,74
1447,15,05/06/2016,76,Training,4,10,14,3,2,55,24,34,63,85,6,55,Arda,66
1665,1,05/10/2018,68,Marketing,72,4,83,82,61,42,91,17,92,38,71,2,Wandis,76
892,26,22/05/2013,76,Engineering,27,7,94,16,29,48,75,64,22,81,62,11,Gilles,53
224,19,09/02/2020,43,Legal,74,4,64,20,71,18,87,11,75,93,57,68,Witty,44
1179,25,01/06/2011,32,Legal,69,0,15,35,32,11,71,34,66,53,45,100,Cristabel,2
840,14,04/10/2016,32,Product Management,99,7,49,16,67,77,68,63,54,29,68,61,Letitia,81
1815,10,03/03/2016,50,Research and Development,83,10,13,52,86,20,10,29,51,31,38,41,Mathilda,48
1550,6,28/09/2013,70,Accounting,95,2,30,6,41,38,0,82,3,22,68,19,Sal,47
1589,17,11/01/2011,91,Services,59,3,52,81,41,21,91,81,89,67,52,54,Brynne,72
1506,49,02/05/2018,55,Training,44,4,39,69,58,15,87,21,98,45,73,41,Feodor,66
1837,11,27/03/2012,94,Product Management,63,2,93,4,9,70,90,39,58,88,2,47,Erminie,87
1981,0,11/10/2012,13,Product Management,40,10,17,37,21,19,15,85,2,47,9,94,Karena,72
246,8,18/03/2016,74,Accounting,56,5,81,42,100,86,32,18,91,39,79,26,Ira,55
711,48,07/11/2014,39,Research and Development,30,9,12,55,18,68,11,78,29,94,73,36,Taryn,30
539,10,30/07/2017,16,Services,44,0,57,95,45,47,50,14,65,45,69,67,Godwin,67
710,26,30/10/2012,88,Services,45,8,59,18,1,37,97,54,67,25,27,2,Kristi,25
1619,12,29/06/2014,47,Training,6,7,98,10,37,3,67,41,88,98,75,4,Ailina,57
1242,3,15/10/2011,39,Accounting,95,10,15,88,14,0,96,8,70,86,52,23,Zeb,51
1068,44,20/01/2016,26,Engineering,70,9,50,15,59,98,18,87,71,72,6,44,Koren,66
966,47,01/04/2017,29,Human Resources,55,6,95,98,45,3,65,9,76,78,42,34,Brier,75
1020,30,16/09/2010,46,Product Management,16,7,57,27,77,50,65,43,35,94,9,45,Flo,82
194,25,12/12/2016,82,Training,19,4,63,80,23,51,21,35,33,67,94,79,Stanly,91
1788,9,25/02/2012,47,Business Development,39,4,5,80,4,17,28,58,18,8,61,85,Lezlie,39
1862,28,25/04/2014,98,Legal,45,0,15,83,70,44,0,83,81,62,100,26,Odessa,95
1689,30,10/07/2016,6,Human Resources,7,6,89,84,54,3,67,88,52,76,49,79,Sayres,84
302,39,20/06/2012,22,Training,65,5,31,85,70,97,18,91,35,85,69,32,Elysia,77
1509,13,12/12/2017,100,Support,50,8,75,41,0,26,28,22,92,42,50,45,Jonis,74
1249,32,28/09/2014,43,Engineering,92,7,3,67,27,69,46,10,6,44,95,59,Taite,92
1584,48,12/07/2018,88,Legal,73,5,40,54,13,82,68,32,47,61,57,95,Ilyssa,56
1740,25,05/12/2011,59,Support,26,7,63,45,27,55,37,50,86,21,16,75,Antone,3
539,7,08/11/2019,21,Human Resources,13,1,51,41,91,88,7,28,73,39,70,22,Hannis,75
1643,16,16/08/2019,73,Human Resources,43,5,71,70,59,34,34,4,74,100,26,26,Janice,5
1199,38,20/12/2013,7,Accounting,53,1,68,89,95,49,84,55,34,85,28,66,Claretta,82
869,20,29/04/2015,68,Training,23,5,80,21,69,16,1,10,60,95,68,46,Glenda,61
1946,38,13/12/2017,74,Engineering,71,1,7,46,3,11,42,91,99,2,69,89,Lee,71
1975,25,04/05/2011,46,Marketing,53,2,41,16,42,49,38,75,89,10,18,85,Rouvin,85
1457,12,29/07/2010,47,Services,57,4,60,7,10,36,56,42,72,86,58,65,Dorian,28
315,42,09/02/2015,15,Services,5,6,33,86,14,91,99,71,3,88,70,3,Frederich,4
344,9,10/10/2016,40,Human Resources,78,5,20,56,65,63,88,40,17,22,88,66,Ambrosio,100
14,7,11/02/2018,55,Human Resources,78,7,47,4,94,31,58,39,89,9,28,93,Estell,14
1399,10,17/01/2019,54,Marketing,37,1,84,13,91,34,45,84,67,52,73,36,Fina,87
414,10,03/07/2018,97,Services,83,0,27,65,11,22,56,63,46,18,47,61,Dinnie,80
1405,15,29/01/2018,6,Product Management,48,8,15,40,93,28,21,42,100,12,17,65,Rufus,53
804,6,09/12/2019,35,Legal,97,4,24,63,77,66,23,0,8,35,57,55,Constancia,69
680,6,14/11/2017,30,Support,41,6,77,14,11,79,45,77,72,23,8,91,Jae,91
1986,50,16/06/2013,75,Sales,75,9,92,94,51,8,84,15,29,46,14,57,Valentino,88
610,38,07/01/2014,7,Support,3,0,48,13,45,17,65,45,90,1,92,68,Kristal,42
1149,23,19/12/2013,89,Sales,37,10,98,78,99,14,34,56,81,87,83,89,Hamish,59
118,25,21/11/2012,68,Research and Development,96,1,28,25,60,9,81,54,69,62,89,11,Laurence,73
881,41,20/08/2015,65,Accounting,78,0,11,31,45,35,76,66,48,39,76,39,Sherry,34
1090,4,16/04/2011,40,Sales,8,10,11,97,15,48,31,17,70,83,64,0,Corrine,64
1959,12,17/07/2017,67,Legal,3,1,42,38,33,21,10,81,98,4,92,71,Ephrayim,43
1797,15,25/01/2019,7,Support,41,7,94,4,87,99,32,61,1,92,95,72,Fey,48
351,12,18/05/2013,52,Human Resources,91,8,9,92,10,33,89,23,4,91,52,24,Marjorie,84
271,40,12/09/2018,53,Accounting,37,6,64,78,63,100,64,7,14,48,64,58,Pia,75
1145,29,19/05/2016,89,Training,28,1,11,78,16,7,77,52,45,85,4,92,Flora,24
717,16,27/08/2014,39,Services,17,5,84,95,62,35,35,21,27,18,13,22,Filbert,32
52,47,28/04/2019,75,Research and Development,58,4,1,65,66,43,29,63,96,14,69,25,Danita,26
1758,27,22/10/2010,73,Human Resources,59,0,0,16,84,98,13,77,8,59,25,69,Myra,11
1518,36,15/02/2011,34,Research and Development,97,10,61,20,94,30,62,23,76,58,95,29,Josie,91
1047,22,20/12/2010,34,Accounting,22,4,86,59,53,8,27,22,88,55,2,21,Maureene,8
202,33,20/10/2011,62,Accounting,98,10,10,9,8,15,51,49,14,19,16,63,Filbert,6
1815,40,02/10/2011,58,Accounting,88,1,92,18,67,87,66,9,97,10,20,50,Prudy,7
356,0,04/08/2012,7,Legal,48,7,84,80,30,97,2,72,70,19,28,33,Mirelle,52
1801,15,20/12/2019,20,Services,50,7,10,72,13,33,71,46,64,63,71,57,Minnaminnie,73
363,2,25/11/2015,39,Engineering,35,4,24,43,4,51,80,27,93,27,63,95,Kip,35
674,18,08/05/2015,81,Sales,85,8,59,41,75,39,11,8,10,20,26,17,Clare,69
921,18,22/03/2019,86,Accounting,84,2,7,4,99,0,26,18,40,17,69,85,Felike,6
88,28,21/12/2017,84,Marketing,40,6,99,94,62,2,82,48,75,24,44,76,Patrizia,68
91,27,27/11/2018,13,Training,62,4,56,97,54,75,76,25,27,34,90,100,Dorice,77
1008,26,06/11/2013,27,Sales,12,2,65,33,33,13,5,84,59,38,51,61,Lucio,67
1464,25,02/06/2018,56,Accounting,69,0,42,86,80,33,40,70,60,53,58,36,Heddie,80
1930,17,21/01/2014,56,Support,79,7,71,32,62,69,5,56,39,77,11,93,Bailey,63
154,40,26/07/2019,93,Marketing,37,5,56,62,4,1,23,38,35,55,90,31,Dixie,44
75,39,09/06/2017,20,Services,62,3,9,24,48,25,17,99,83,26,59,69,Stewart,52
1253,19,04/02/2011,25,Sales,9,3,14,85,40,11,88,54,28,29,14,74,Sadye,81
755,19,11/12/2017,28,Accounting,77,1,47,65,82,96,4,14,19,95,58,7,Levi,4
348,20,06/08/2011,51,Research and Development,18,8,89,99,80,87,68,6,20,17,71,72,Berkeley,98
221,39,05/04/2017,11,Marketing,30,5,13,87,98,28,2,86,31,36,53,86,Alexandre,59
650,30,13/05/2011,50,Research and Development,6,9,43,97,53,24,25,97,32,47,26,42,Boony,40
1433,16,14/11/2015,0,Accounting,1,5,0,25,17,96,80,7,90,94,67,40,Patsy,14
760,20,12/08/2010,98,Marketing,30,4,34,74,51,30,46,18,15,96,11,13,Colas,85
464,15,19/09/2012,76,Sales,5,4,0,62,85,40,60,25,85,53,64,70,Kermie,34
907,33,03/03/2019,70,Engineering,80,9,58,82,29,47,91,61,96,27,52,31,Erl,76
1430,36,03/05/2018,67,Training,52,9,75,95,71,1,93,5,85,71,20,6,Beverley,17
1959,18,12/10/2012,91,Product Management,63,3,79,68,58,12,4,27,41,35,9,20,Ardelle,83
1784,42,21/04/2018,63,Business Development,38,6,85,30,79,66,53,47,14,87,70,26,Kelsey,78
530,6,22/06/2010,43,Services,40,7,68,20,88,33,36,13,17,99,11,11,Catha,52
1116,1,06/06/2010,65,Legal,1,2,11,98,23,4,4,66,10,84,60,20,Moira,20
1080,15,03/06/2011,23,Sales,84,3,20,3,48,13,64,59,57,29,99,40,Judy,24
1058,1,21/02/2013,20,Support,43,5,72,33,55,3,12,26,5,91,53,16,Barthel,22
320,40,15/02/2011,87,Engineering,50,4,81,10,75,66,45,21,62,59,58,85,Nadean,91
1117,45,02/02/2012,26,Human Resources,41,7,30,62,81,39,88,24,53,63,55,19,Colan,62
900,6,07/09/2015,81,Research and Development,47,4,59,48,96,25,11,48,13,41,89,60,Vaughn,9
404,10,03/06/2016,95,Marketing,82,1,66,60,56,90,36,53,38,19,72,4,Carolann,31
617,45,03/07/2013,13,Legal,79,4,51,34,31,12,47,31,75,15,66,70,Germain,48
1570,25,15/11/2016,36,Research and Development,15,7,21,64,24,67,69,8,64,72,43,3,Nancee,94
276,21,21/04/2016,14,Product Management,31,9,25,79,82,13,65,54,66,85,74,55,Candide,80
1958,19,02/11/2014,69,Support,44,6,59,28,61,3,80,68,36,7,55,36,Pembroke,38
1219,9,07/06/2016,17,Support,12,4,17,8,67,61,90,46,72,16,8,43,Gray,85
1146,20,05/05/2016,65,Product Management,83,7,25,66,24,98,93,32,38,65,34,3,Thea,7
223,49,15/10/2017,38,Legal,44,8,67,35,77,36,57,57,38,28,2,57,Etta,31
687,40,26/07/2012,7,Accounting,30,7,47,29,93,7,32,78,38,86,28,96,Ferdinand,17
1468,14,07/10/2015,2,Accounting,44,10,8,92,17,2,9,94,84,38,62,15,Jeanie,74
1823,12,28/11/2017,100,Product Management,23,3,33,73,99,10,1,6,89,87,84,48,Pauly,40
1443,12,15/02/2014,12,Accounting,34,10,89,37,36,88,34,90,15,80,44,34,Care,4
581,7,08/03/2019,60,Product Management,3,7,69,7,82,99,27,98,76,64,61,23,Gawen,58
506,31,18/08/2016,84,Product Management,51,3,54,23,32,74,39,69,84,72,92,83,Alexandro,67
562,0,25/07/2015,75,Accounting,27,5,28,7,65,13,78,62,42,28,99,2,Clyde,65
1926,32,17/11/2017,14,Human Resources,29,9,70,74,79,83,24,54,93,37,19,92,Flem,38
602,29,17/10/2019,47,Legal,63,5,24,40,62,72,66,32,93,83,48,28,Cora,57
1083,4,01/11/2010,62,Legal,59,3,25,60,46,7,12,64,62,100,58,15,Phillip,74
1807,13,19/09/2018,11,Legal,52,8,88,89,78,22,55,20,84,79,53,98,Juanita,86
1465,23,14/07/2018,73,Marketing,11,2,17,75,13,14,2,38,64,62,15,81,Farris,12
1369,44,17/08/2018,54,Training,38,6,52,59,6,77,46,22,68,30,79,26,Doro,59
854,1,14/03/2018,79,Support,97,6,26,57,93,71,36,51,10,63,46,44,Pauletta,77
747,44,28/09/2014,62,Sales,14,2,16,56,30,6,68,5,11,34,29,30,Dinah,41
23,18,16/05/2013,92,Human Resources,91,9,1,14,9,93,25,63,25,78,56,70,Deva,29
450,13,02/12/2018,30,Accounting,77,1,24,0,80,51,3,18,89,80,84,70,Palmer,55
783,49,02/08/2015,92,Marketing,49,1,58,92,72,2,8,36,33,77,98,48,Winona,56
73,4,15/01/2013,46,Services,97,6,9,74,39,95,59,42,93,80,60,45,Denni,64
105,16,29/06/2018,55,Support,38,3,18,47,66,45,20,56,97,70,76,84,Hebert,87
1359,40,06/12/2015,23,Training,62,0,47,84,82,56,17,50,69,33,78,73,Gunter,35
1527,0,27/03/2015,74,Support,13,4,29,59,47,45,18,13,84,30,39,89,Katheryn,62
1170,3,27/09/2011,16,Human Resources,74,0,14,47,20,62,37,73,86,74,80,26,Gaye,94
1202,29,22/04/2018,92,Training,89,9,42,79,57,84,37,27,35,6,1,69,Dore,19
1111,26,10/03/2017,28,Training,11,6,22,21,70,50,1,98,52,51,31,98,Jordan,97
1282,41,31/10/2018,27,Research and Development,83,0,18,31,11,74,74,85,44,22,91,2,Christie,33
1586,22,14/11/2013,28,Marketing,98,8,21,24,13,56,71,71,93,11,88,70,Dre,68
517,33,01/08/2011,11,Business Development,29,1,45,10,34,58,95,4,67,10,34,11,Roanne,86
1556,36,24/04/2019,20,Product Management,29,0,70,37,98,46,71,76,79,93,92,21,Jessey,74
1321,43,24/04/2014,13,Engineering,83,0,24,22,53,66,90,88,43,4,83,50,Gwenneth,69
1234,36,25/06/2012,84,Research and Development,36,5,67,27,36,40,81,93,73,41,43,60,Leon,80
1935,36,18/09/2017,35,Services,1,4,72,65,89,51,30,28,53,55,87,39,Winna,68
258,38,13/07/2015,89,Support,42,5,83,27,47,88,9,42,13,70,53,39,Elvera,7
322,39,09/12/2019,64,Product Management,84,9,62,72,28,73,84,20,23,9,45,43,Sharyl,34
616,40,25/04/2017,8,Support,61,1,76,4,29,5,100,45,3,34,90,24,Robyn,4
243,23,07/04/2011,44,Research and Development,35,4,44,45,31,76,41,76,88,14,46,61,Vonny,99
1200,32,12/04/2018,42,Sales,59,3,88,5,62,51,10,48,0,76,39,19,Armand,31
1499,16,24/12/2015,40,Training,95,3,33,86,94,56,15,78,6,33,71,34,Georgeanne,89
940,38,19/02/2020,63,Human Resources,56,4,11,57,95,61,50,68,65,63,20,92,Sawyere,13
1300,36,04/03/2014,75,Sales,4,6,8,21,49,5,77,21,41,42,69,94,Bernice,62
1252,17,22/02/2019,35,Human Resources,84,8,81,1,28,36,90,99,25,79,57,46,Lynda,35
50,50,22/02/2017,22,Engineering,59,5,83,53,94,89,98,10,17,98,76,12,Tarrah,93
45,47,24/09/2016,29,Accounting,24,2,28,30,5,51,67,64,6,27,66,72,Aurelie,12
873,41,06/07/2010,2,Marketing,38,5,80,9,32,3,32,48,1,96,35,32,Elli,48
913,42,30/04/2015,56,Services,68,9,44,79,98,67,27,57,19,44,24,44,Myrle,92
1376,4,28/09/2011,10,Sales,54,8,57,67,36,72,64,0,61,27,66,50,Quinn,62
492,14,15/01/2016,27,Training,87,7,87,20,52,56,18,93,36,31,21,72,Othelia,67
363,45,27/01/2020,79,Training,98,10,3,11,15,47,68,39,84,45,36,100,Ewart,96
1711,4,29/08/2017,83,Sales,9,9,38,17,67,96,7,14,35,48,12,99,Filide,32
46,36,18/06/2012,61,Training,40,0,7,17,82,43,12,17,14,66,70,56,Hadley,82
506,2,03/12/2010,64,Research and Development,13,5,59,37,32,22,36,26,77,19,25,2,Alvie,4
216,41,27/11/2012,10,Product Management,86,8,60,47,10,57,100,6,61,23,58,7,Ethelin,22
1744,50,11/08/2018,53,Business Development,84,4,13,34,80,71,82,73,32,21,54,84,Crystie,69
1261,14,20/10/2015,44,Training,38,7,42,26,53,87,29,66,47,47,0,36,Aurore,83
1075,31,14/07/2013,20,Engineering,20,0,20,55,74,58,83,65,90,45,99,56,Francisco,16
1093,9,26/09/2019,55,Engineering,7,2,44,6,35,38,71,5,82,77,2,35,Tamarra,85
815,17,10/01/2019,99,Product Management,34,6,10,84,32,65,15,30,81,90,74,45,Boycie,69
919,34,27/07/2015,88,Business Development,65,6,85,85,93,98,15,100,49,60,29,13,Conn,7
24,4,08/09/2014,99,Product Management,63,2,64,11,86,58,42,12,84,83,46,50,Jami,17
472,9,27/04/2013,48,Business Development,24,6,8,69,98,92,7,15,22,56,29,39,Thaine,45
1768,0,18/09/2012,89,Product Management,40,5,71,82,82,15,2,12,94,28,74,38,Baily,68
736,35,18/02/2013,2,Support,49,2,89,43,47,88,65,52,86,13,16,90,Glennie,62
1658,4,17/06/2010,77,Engineering,76,5,44,98,45,82,20,48,14,45,20,54,Phillipe,15
1763,38,12/01/2015,84,Engineering,80,5,96,55,47,42,48,9,30,27,77,60,Violante,79
550,44,24/07/2016,0,Services,96,2,13,10,96,40,71,46,38,92,38,67,Sybyl,25
743,47,05/05/2015,98,Services,18,10,30,33,29,81,86,3,90,13,40,49,Barty,16
774,12,20/03/2012,54,Product Management,67,7,33,80,13,74,52,26,33,39,85,71,Forest,63
873,12,10/09/2014,2,Human Resources,25,8,5,3,84,84,52,37,41,63,32,93,Janek,22
427,1,31/01/2014,93,Human Resources,69,7,78,35,32,27,88,75,36,22,83,98,Sean,39
1439,5,11/08/2012,7,Engineering,55,5,16,81,48,51,16,81,82,44,43,17,Kit,9
1511,49,29/08/2012,52,Training,74,10,23,93,16,58,21,70,4,91,59,78,Cecilia,11
987,10,15/01/2013,94,Training,21,5,53,52,45,62,22,41,60,29,62,4,Johnna,58
870,36,25/10/2017,16,Engineering,20,6,26,31,15,21,20,100,74,8,96,73,Sarina,25
261,12,12/05/2015,28,Support,54,6,5,97,43,52,49,35,8,73,21,29,Anneliese,24
433,15,15/01/2019,75,Business Development,79,8,4,64,13,63,57,44,60,83,59,76,Jacklin,64
122,23,12/08/2018,37,Support,70,10,28,58,50,19,91,80,17,47,65,63,Meta,21
661,7,08/12/2014,100,Sales,94,1,7,6,76,72,15,92,11,44,62,98,Karisa,20
944,19,17/11/2010,57,Product Management,20,3,12,80,77,28,50,42,28,77,10,21,Beauregard,91
1213,15,26/10/2014,24,Services,5,9,8,62,10,42,90,62,52,77,21,45,Florina,24
378,39,18/04/2015,0,Business Development,46,1,47,22,69,17,89,26,39,98,11,28,Claudianus,8
384,17,29/03/2015,78,Marketing,100,6,52,50,68,49,5,69,43,44,19,0,Callida,48
233,2,15/06/2017,24,Engineering,68,8,49,81,79,75,68,30,69,64,64,98,Felecia,92
932,30,02/02/2012,67,Support,91,4,94,7,7,55,95,82,89,40,8,75,Lynea,37
1330,3,15/11/2011,5,Legal,68,3,23,99,54,39,24,18,22,36,32,10,Bartram,33
1168,24,01/07/2017,47,Sales,62,3,4,63,26,99,57,87,78,81,66,33,Benjamen,57
1131,7,12/08/2015,78,Marketing,12,6,61,86,63,85,82,56,2,33,52,66,Caresse,33
1087,13,02/09/2014,30,Support,80,8,92,60,81,74,96,82,97,58,56,45,Evita,84
1903,42,02/04/2012,16,Marketing,1,7,84,22,80,77,4,86,16,93,89,92,Tadd,60
833,12,25/06/2014,63,Product Management,1,4,37,43,34,85,52,68,33,46,41,98,Opal,31
429,15,10/07/2012,0,Engineering,94,0,18,93,60,93,61,70,43,19,14,17,Sibyl,89
123,26,16/10/2014,11,Support,80,7,5,7,58,83,93,23,90,63,70,48,Siobhan,65
108,26,27/11/2014,13,Engineering,66,4,6,27,85,23,55,97,37,43,91,36,Rowe,84
1923,33,05/12/2013,88,Product Management,27,3,12,51,83,84,10,72,27,12,43,87,Chloe,16
436,16,01/07/2015,44,Business Development,35,1,60,73,63,0,47,27,100,33,55,93,Cristin,17
1671,15,05/06/2010,51,Training,42,6,14,24,39,66,74,52,6,58,31,19,Cristine,23
1633,6,09/10/2012,78,Research and Development,50,9,50,15,81,23,33,2,61,53,99,85,Cornela,70
911,1,31/05/2019,89,Human Resources,75,10,48,11,91,6,56,60,40,14,2,45,Kary,9
1216,23,22/05/2010,21,Marketing,41,7,51,84,5,88,61,65,20,71,99,36,Marcelle,19
701,0,01/05/2019,13,Services,7,2,11,51,59,81,65,64,54,96,51,57,Nonnah,89
978,7,31/03/2017,38,Legal,50,5,91,38,3,23,96,1,40,18,19,37,Augustina,0
1615,32,04/02/2017,33,Services,38,9,93,0,56,9,76,72,27,1,69,25,Tillie,59
593,5,05/01/2017,34,Human Resources,41,7,41,81,4,85,2,3,26,66,3,89,Minor,75
1881,26,24/05/2016,42,Training,42,6,61,50,38,42,18,68,56,4,36,18,Pandora,88
437,27,27/11/2014,42,Engineering,89,10,100,99,15,16,36,8,54,0,38,54,Dorelle,44
993,6,11/04/2016,29,Legal,59,0,31,15,54,93,39,65,58,13,96,30,Rockie,13
1824,36,12/10/2018,4,Support,59,2,92,4,84,100,38,11,59,2,74,8,Stephi,48
1908,9,26/12/2015,94,Support,31,6,61,82,69,47,85,37,46,48,71,6,Marcia,67
1593,43,17/01/2012,15,Support,93,2,7,9,33,22,93,46,46,23,82,3,Laural,90
877,46,23/09/2011,32,Sales,56,7,42,56,35,77,26,55,30,82,71,19,Mollie,93
166,4,12/07/2019,71,Human Resources,74,10,2,21,30,29,23,63,14,48,44,38,Chere,40
1969,39,24/12/2019,54,Research and Development,54,1,34,27,94,93,24,70,32,32,57,41,Fae,78
1563,1,28/10/2010,25,Services,22,10,45,49,16,38,16,45,33,36,15,21,Winnah,10
1826,27,22/01/2016,47,Accounting,87,3,70,92,36,43,3,2,78,92,13,55,Claiborn,91
1641,6,18/04/2010,32,Accounting,88,8,98,25,50,34,44,23,81,78,17,66,Garwood,38
1755,25,21/09/2010,59,Human Resources,51,10,6,47,54,80,91,73,34,45,35,57,Federico,43
180,46,20/11/2011,70,Training,86,10,92,45,36,2,63,41,56,31,55,11,Clarine,1
1384,20,05/02/2011,15,Legal,59,8,42,87,71,8,95,93,37,49,10,17,Sandie,67
673,39,27/01/2020,54,Engineering,46,10,82,24,51,63,93,87,30,63,51,30,Sonny,73
900,48,24/04/2015,68,Support,87,10,54,15,63,55,49,35,8,66,85,66,Eugine,58
1827,41,11/04/2017,17,Legal,66,7,20,82,30,44,32,37,50,99,35,14,Talbot,91
1481,15,20/09/2016,12,Engineering,60,1,8,61,66,0,71,66,68,47,62,56,Lolly,16
894,21,11/06/2014,83,Services,43,5,62,10,84,26,49,90,72,39,3,35,Emily,69
436,41,24/01/2014,43,Business Development,43,7,56,52,75,94,5,31,41,75,16,49,Krishnah,84
410,4,07/03/2014,13,Business Development,21,7,48,23,72,43,37,52,49,58,6,99,Bryana,64
292,35,24/07/2012,11,Research and Development,80,5,4,30,2,74,37,29,43,9,99,76,Bertina,30
73,23,21/06/2015,18,Engineering,5,4,3,77,40,34,27,17,49,50,21,6,Cary,13
91,47,20/04/2016,23,Human Resources,54,5,6,44,41,89,97,13,10,82,82,43,Abel,42
1892,36,07/09/2015,14,Training,43,0,71,68,37,64,50,36,81,79,95,27,Jarvis,76
1605,12,18/11/2019,45,Research and Development,25,6,55,34,95,56,98,25,15,96,53,9,Mercie,25
1408,48,02/11/2019,19,Engineering,62,10,81,82,3,84,76,81,98,54,22,0,Barth,13
1033,4,15/02/2018,30,Marketing,43,2,91,98,33,61,3,76,66,91,61,43,Monique,53
619,4,13/06/2010,97,Accounting,6,0,10,7,37,24,97,55,72,43,71,73,Harlin,25
616,26,22/02/2020,41,Sales,77,7,25,17,11,98,61,6,84,84,10,72,Austin,24
1560,13,13/02/2015,100,Engineering,21,0,4,56,15,83,78,51,77,76,84,39,Jonathon,79
1222,11,29/08/2018,43,Legal,24,9,12,62,98,32,1,100,73,27,32,37,Pebrook,25
469,13,31/01/2015,95,Training,51,5,35,38,51,70,91,88,87,19,76,35,Tito,37
332,12,14/08/2012,40,Sales,70,7,93,73,62,16,19,19,90,53,1,3,Calypso,73
1978,2,30/08/2014,93,Sales,57,0,78,67,47,95,21,4,98,9,49,21,Pepita,73
1096,21,21/09/2017,53,Human Resources,88,6,58,43,63,67,72,1,9,18,33,6,Luci,46
846,21,26/11/2015,5,Product Management,79,7,98,68,67,65,92,83,88,39,98,32,Polly,85
703,35,23/12/2012,44,Sales,43,5,38,57,68,33,82,46,3,78,64,71,Codie,8
1743,20,30/01/2020,13,Support,44,8,41,14,79,90,15,71,58,15,15,87,Burty,58
26,47,03/02/2012,10,Engineering,73,8,38,65,11,27,80,7,57,40,15,56,Maiga,80
1986,42,25/08/2010,42,Sales,20,3,21,14,5,37,14,18,86,72,89,82,Randy,30
1874,49,02/07/2019,12,Sales,77,9,85,14,17,56,22,81,77,72,27,34,Rosamond,99
354,39,06/06/2013,16,Legal,40,8,27,93,97,41,57,90,11,36,20,64,Massimiliano,58
1379,48,01/07/2013,58,Legal,62,8,44,64,21,68,0,96,38,30,71,66,Betsey,3
51,7,08/08/2013,89,Sales,58,6,14,96,17,36,49,55,83,71,99,76,Kellby,77
845,23,02/07/2014,36,Services,48,6,18,86,2,30,29,82,38,45,55,3,Astrix,31
1106,7,20/12/2018,41,Support,1,8,66,44,66,54,78,66,15,14,94,56,Devon,76
1401,16,25/06/2019,32,Accounting,57,7,16,88,91,1,14,81,9,88,52,69,Larisa,29
617,5,27/12/2018,97,Services,21,9,60,73,32,90,16,32,4,87,68,25,Doralynn,5
1645,29,01/12/2011,55,Marketing,58,3,65,23,7,25,38,53,44,7,96,78,Hayward,40
1765,48,30/10/2019,100,Training,38,6,0,62,65,81,74,33,84,80,80,56,Maxine,69
453,43,02/10/2018,56,Support,63,1,69,57,14,35,82,12,99,63,10,34,Artur,2
1050,12,25/02/2019,63,Human Resources,93,5,28,98,36,31,35,15,27,32,97,39,Erica,59
1958,1,07/12/2010,20,Product Management,63,4,34,26,30,22,25,14,12,47,78,54,Lombard,40
1693,5,11/01/2014,39,Legal,43,2,36,68,23,86,79,75,28,56,78,34,Kerk,80
738,28,07/01/2016,76,Accounting,36,9,84,55,51,26,23,49,93,93,69,40,Kendell,87
1185,7,25/05/2016,23,Services,39,5,61,2,17,28,19,14,68,52,58,9,Siegfried,17
65,12,27/04/2016,82,Accounting,74,1,81,12,40,72,5,25,23,39,5,88,Hattie,70
207,31,08/03/2012,30,Research and Development,1,8,13,54,83,80,64,41,9,47,40,3,Josiah,81
1021,33,07/11/2014,16,Marketing,11,8,31,10,19,80,54,74,38,23,23,66,Thekla,4
867,32,16/08/2010,50,Marketing,24,7,0,57,78,60,34,45,3,43,14,73,Jarrett,49
174,20,22/12/2019,33,Training,42,8,15,10,61,65,2,15,24,55,13,51,Lucretia,36
101,42,22/03/2017,37,Human Resources,28,8,54,1,42,19,48,1,9,86,76,91,Cally,34
1637,32,30/01/2018,65,Product Management,7,1,33,74,70,23,19,38,32,22,62,54,Brandice,24
1031,9,13/05/2010,73,Human Resources,27,8,6,75,27,85,21,87,9,31,39,90,Clarabelle,75
992,37,15/11/2010,54,Training,24,9,55,65,54,65,91,15,51,35,63,62,Andy,59
828,35,15/03/2020,25,Product Management,67,9,37,88,13,18,66,76,96,84,70,61,Mic,91
258,35,03/10/2012,13,Support,86,4,46,72,38,7,9,91,55,41,98,28,Kevon,57
1195,3,02/04/2011,2,Sales,87,0,73,8,62,96,99,96,9,47,21,92,Shayne,11
1840,5,11/11/2017,27,Human Resources,98,0,90,93,79,27,97,13,31,46,32,1,Ewen,33
1619,45,08/04/2015,72,Research and Development,99,5,65,81,71,57,92,45,8,60,20,35,Cletis,8
1062,2,13/11/2018,9,Services,1,9,54,44,33,86,70,42,92,79,93,76,Ariela,74
820,32,29/01/2019,55,Accounting,78,1,94,100,63,66,16,79,26,7,2,51,Sunny,74
1331,38,25/05/2015,20,Engineering,58,3,64,66,40,88,1,65,35,41,27,35,Ax,96
1136,12,14/06/2017,68,Product Management,25,7,91,81,7,6,85,73,92,36,89,84,Garfield,24
1338,19,24/06/2012,10,Product Management,31,3,37,96,65,7,0,22,87,65,4,2,Katheryn,48
1645,42,10/11/2016,82,Accounting,78,9,92,1,48,14,50,15,86,84,35,5,Jefferson,69
1925,25,26/07/2013,5,Business Development,48,2,25,72,3,73,19,46,95,65,53,3,Bryn,12
295,5,14/05/2014,72,Legal,43,9,59,45,36,16,65,45,21,19,9,44,Petr,30
1928,28,27/09/2011,98,Services,10,4,84,24,71,43,81,58,71,94,15,55,Kiel,27
426,14,17/05/2017,80,Legal,39,7,60,70,68,93,74,57,95,78,53,77,Jerald,80
1758,21,04/03/2018,61,Accounting,97,2,68,25,32,11,30,2,98,40,5,74,Brad,48
1493,41,09/05/2012,5,Legal,31,9,91,32,97,60,85,72,11,85,70,42,Ardith,38
1183,25,21/07/2010,27,Sales,13,6,80,12,86,49,49,80,98,72,69,54,Candis,73
147,40,03/11/2012,56,Product Management,97,4,20,14,84,98,22,62,94,79,3,97,Jard,98
745,33,25/04/2018,13,Services,81,4,23,74,23,74,49,81,33,83,20,2,Pearl,76
121,46,07/12/2018,27,Support,81,3,31,53,61,78,80,56,66,72,36,76,Maura,96
772,31,05/04/2017,13,Engineering,76,0,90,100,30,97,67,63,100,61,85,70,Luca,96
1509,45,15/04/2011,6,Engineering,39,4,93,96,92,2,96,42,71,37,36,92,Warner,0
1978,21,26/02/2017,11,Sales,49,10,0,66,86,29,4,42,58,100,60,44,Vivienne,78
1123,41,29/10/2018,59,Support,75,4,43,19,55,56,26,35,4,49,11,27,Alice,55
1390,18,06/09/2010,45,Services,34,2,94,15,53,28,87,90,60,73,37,72,Shandeigh,4
1571,47,01/02/2017,75,Services,88,10,31,71,31,3,0,12,3,69,18,9,Lorry,3
1523,8,22/10/2010,42,Support,20,5,40,96,48,84,100,47,100,16,0,40,Markus,16
1382,1,05/12/2018,98,Support,45,6,84,41,7,84,7,83,42,57,66,86,Edgardo,91
1125,9,25/07/2017,38,Product Management,70,2,6,33,51,31,30,71,77,3,57,48,Chloette,69
252,4,16/08/2015,46,Legal,98,2,72,25,26,6,90,55,4,3,89,69,Patrizio,56
1837,3,29/04/2019,9,Human Resources,48,0,46,63,24,52,76,1,4,78,17,31,Karmen,47
1156,27,05/10/2017,40,Research and Development,60,10,10,99,5,81,49,4,22,13,16,56,Holli,61
840,8,21/05/2011,67,Support,65,3,42,16,57,75,40,44,93,91,1,93,Derril,36
1427,49,07/05/2012,86,Marketing,24,1,90,52,20,59,4,91,72,20,77,69,Cassandre,33
36,32,04/03/2020,56,Product Management,59,2,23,97,71,55,97,53,68,4,70,55,Rayner,22
261,50,16/04/2010,27,Training,36,3,70,69,17,29,11,64,84,59,98,23,Malva,83
270,10,17/03/2018,60,Product Management,63,6,74,60,54,14,49,85,56,48,30,27,Puff,64
814,49,30/01/2017,34,Training,82,3,52,32,47,9,26,82,30,35,49,39,Cull,72
588,10,09/07/2010,42,Human Resources,88,8,76,76,4,7,96,97,24,54,36,10,Rowney,0
1100,22,15/01/2019,39,Training,92,1,29,58,22,32,31,74,75,6,15,55,Ursa,73
1477,8,02/04/2013,17,Legal,20,8,20,99,56,58,99,90,87,86,19,32,Theodora,37
1093,19,25/08/2012,74,Services,49,8,78,76,40,40,60,85,28,1,30,44,Worthy,29
1368,37,11/11/2017,87,Research and Development,72,8,13,80,2,93,14,39,66,54,90,66,Gerty,51
1971,33,10/05/2015,12,Services,86,10,59,95,71,91,90,22,95,24,47,58,Giuditta,1
1246,31,03/03/2019,53,Engineering,45,5,4,17,37,82,12,13,64,68,39,5,Tansy,73
1718,33,01/07/2010,72,Marketing,38,6,33,73,5,36,64,10,42,85,31,30,Daria,3
995,14,19/07/2015,58,Training,58,4,61,67,44,40,100,52,50,34,21,16,Marylee,32
1297,15,08/08/2018,87,Marketing,48,10,59,84,20,52,36,91,100,59,83,13,Shandeigh,21
203,36,03/05/2018,5,Research and Development,4,9,88,79,47,91,44,83,10,24,87,51,Trixy,26
826,16,22/11/2014,46,Accounting,48,10,3,100,66,22,27,60,68,72,12,74,Torey,78
954,8,07/05/2019,90,Marketing,89,4,29,0,14,15,78,86,60,83,71,52,Ellie,43
373,39,02/04/2019,100,Accounting,20,4,53,62,96,96,11,37,28,77,41,59,Markus,79
18,33,25/01/2020,94,Marketing,2,9,45,20,11,99,89,14,5,95,34,46,Bryn,13
270,4,19/03/2020,93,Training,48,0,22,78,61,78,80,97,76,39,29,68,Gabbey,53
773,20,05/07/2013,74,Marketing,91,3,65,1,45,33,7,4,67,49,59,71,Bobbi,93
507,21,11/09/2013,86,Research and Development,64,4,28,69,22,66,82,59,84,68,5,18,Theodora,37
803,34,04/08/2012,64,Legal,37,8,68,29,79,7,52,73,54,44,2,19,Erhart,3
1711,18,08/05/2017,78,Services,1,5,22,90,88,87,21,11,59,81,80,32,Padriac,40
994,30,07/03/2013,88,Training,19,6,95,80,51,60,86,59,72,27,76,84,Hadria,56
1662,49,06/04/2013,48,Support,12,10,17,93,49,34,3,49,42,14,16,75,Walt,12
1524,31,16/04/2018,37,Legal,62,5,85,86,13,64,23,38,49,76,59,46,Hedwiga,99
1924,38,14/05/2014,41,Human Resources,70,9,2,97,66,71,45,66,14,83,91,92,Tobey,10
489,48,28/04/2011,3,Training,40,2,32,12,8,21,25,22,40,50,8,87,Rockie,56
412,35,18/01/2017,40,Marketing,34,10,18,1,69,88,76,28,29,48,21,5,Larine,86
266,27,14/05/2016,64,Support,80,1,18,8,75,28,9,4,56,9,70,16,Curr,88
1849,35,28/06/2018,51,Training,15,9,2,24,93,31,66,2,97,44,90,44,Adamo,88
327,39,24/09/2015,63,Legal,9,2,91,90,85,92,1,35,19,60,50,69,Leighton,88
1512,39,17/04/2011,51,Marketing,72,4,28,35,42,36,54,24,25,86,98,94,Harriott,32
1724,27,25/06/2011,4,Services,44,10,8,45,41,48,3,27,61,71,65,66,Iggie,70
1437,11,17/07/2011,62,Accounting,34,0,75,58,27,99,54,52,60,61,96,55,Jessalin,53
1147,20,05/09/2014,89,Marketing,81,4,72,58,65,64,23,1,46,100,12,96,Rodolphe,88
1225,50,27/08/2013,98,Support,69,2,12,7,21,46,16,48,66,68,70,79,Violette,14
1596,19,16/10/2018,65,Support,6,0,97,10,14,2,73,60,62,44,72,21,Pandora,63
227,12,22/04/2015,32,Support,18,4,93,54,73,12,62,47,27,33,12,56,Thaxter,97
937,36,30/04/2015,25,Research and Development,25,3,70,20,64,24,44,38,52,85,22,99,Morse,22
333,49,20/12/2013,14,Marketing,3,9,26,25,57,15,93,50,24,72,93,50,Ralina,87
1804,24,06/03/2014,65,Research and Development,7,9,62,63,0,76,68,61,86,7,77,96,Legra,32
1335,47,21/05/2011,40,Research and Development,92,10,69,45,86,89,56,18,33,76,0,4,Milty,21
1681,32,23/02/2019,89,Support,23,3,31,80,55,38,61,9,43,83,97,37,Vittorio,100
1218,3,21/11/2017,32,Sales,90,6,11,32,21,44,1,78,24,5,58,38,Nathan,69
1551,18,25/01/2017,72,Business Development,100,1,28,99,27,79,41,84,99,94,76,100,Teresina,45
1811,46,09/10/2017,59,Research and Development,69,1,53,66,46,41,63,22,67,67,36,59,Jordon,71
1454,15,08/04/2018,45,Services,5,10,18,53,47,42,69,15,87,71,92,56,Maurie,38
395,27,21/09/2013,88,Product Management,75,7,76,33,62,7,88,17,1,100,3,92,Kaila,90
1989,33,28/11/2015,47,Engineering,40,0,25,94,82,11,100,54,63,55,39,47,Selena,59
457,8,03/03/2018,85,Accounting,85,4,93,77,29,8,80,71,42,23,87,80,Zonda,70
766,32,28/05/2012,68,Training,28,6,89,6,31,47,86,3,8,48,26,63,Quentin,43
1891,17,14/02/2013,50,Services,58,3,50,30,5,75,41,78,95,85,9,1,Radcliffe,43
30,38,14/04/2011,58,Support,100,2,58,4,33,82,74,22,37,22,28,21,Hale,35
90,35,15/03/2017,54,Services,22,10,12,15,65,34,82,39,15,97,22,64,Geoffrey,24
1221,6,14/06/2015,0,Services,30,8,19,65,39,8,55,81,40,86,57,62,Hamilton,65
1597,0,03/05/2014,1,Accounting,24,1,87,0,87,37,67,73,3,11,73,21,Bryon,63
1044,43,08/06/2011,60,Support,90,2,88,98,83,83,5,19,83,72,46,95,Sashenka,3
1899,38,13/09/2016,70,Training,17,1,17,12,81,61,13,91,10,32,0,55,Deb,4
737,30,08/02/2013,2,Business Development,99,5,100,17,54,98,27,100,45,8,93,60,Dwayne,29
739,1,26/08/2015,45,Sales,12,8,0,0,27,48,33,72,10,62,91,78,Elyn,5
738,39,27/07/2011,84,Marketing,98,7,66,40,56,26,37,51,70,28,67,33,Stoddard,35
826,3,03/02/2015,2,Training,61,8,43,13,75,78,34,90,72,21,13,78,Nicki,4
280,40,19/04/2019,0,Sales,79,1,92,47,31,77,25,49,25,35,30,47,Shirline,45
1940,20,04/02/2014,29,Support,2,5,6,15,5,12,21,89,57,24,88,31,Barnaby,12
1641,28,10/11/2012,33,Business Development,66,4,93,95,39,10,14,27,100,59,19,84,Vergil,5
919,44,08/04/2015,44,Business Development,73,7,30,82,83,38,57,10,51,54,84,26,Toiboid,35
938,21,21/02/2014,30,Product Management,78,10,89,42,31,60,67,32,42,77,77,56,Anabel,55
832,42,27/09/2013,94,Training,83,8,72,40,88,40,82,89,58,8,71,80,Susannah,94
1311,6,03/04/2019,39,Services,94,1,57,26,86,16,82,17,84,94,97,47,Sherill,96
1601,43,06/02/2020,17,Marketing,13,5,33,9,17,61,90,18,2,32,24,71,Diego,41
236,37,08/10/2017,63,Human Resources,64,6,52,47,98,4,77,6,15,48,10,16,Inga,38
563,14,28/11/2014,37,Training,43,2,88,4,28,81,21,85,69,28,15,45,Gracie,64
1064,12,26/02/2017,36,Marketing,46,3,59,87,76,18,60,93,43,16,57,57,Barnaby,84
1451,15,25/06/2013,19,Research and Development,12,9,36,39,74,86,89,15,38,84,20,44,Kare,60
317,1,29/09/2015,66,Marketing,27,10,34,48,88,92,85,19,94,42,61,75,Dell,43
765,34,26/08/2018,57,Human Resources,11,6,64,73,26,97,20,73,63,33,20,29,Tina,63
206,11,23/02/2016,85,Legal,82,1,97,66,22,29,77,59,62,30,48,91,George,71
212,17,17/06/2010,75,Sales,39,4,42,65,83,52,12,44,25,89,76,43,Barr,18
370,50,24/07/2017,65,Engineering,36,9,62,84,70,19,47,55,17,57,38,91,Adel,65
472,18,17/07/2011,72,Training,12,9,10,97,50,38,79,37,5,24,43,74,Bernardo,0
249,44,09/06/2013,20,Product Management,93,8,83,77,56,99,54,13,16,39,27,22,Mandi,66
934,37,30/11/2017,20,Services,37,4,40,26,27,55,80,93,43,32,2,13,Rozelle,13
1739,19,04/03/2016,20,Accounting,84,8,8,77,20,22,70,95,27,49,26,99,Alexandr,89
622,19,12/03/2014,59,Human Resources,93,5,12,87,76,11,42,72,5,85,11,91,Claudia,4
1900,23,21/04/2013,6,Services,22,8,2,51,41,94,98,62,21,19,42,33,Violetta,2
1738,3,08/12/2019,84,Research and Development,15,10,32,5,72,26,58,59,96,10,38,64,Agna,30
1934,30,13/04/2013,29,Sales,79,3,75,73,61,28,80,62,71,37,43,47,Joyce,8
1748,49,24/06/2011,71,Research and Development,17,10,31,46,9,48,82,48,94,24,32,25,Oriana,26
944,37,12/01/2019,29,Services,64,5,65,53,52,4,88,56,45,55,81,68,Aloin,3
374,12,22/05/2017,98,Business Development,78,4,94,89,82,66,12,52,58,75,42,54,Madelene,29
1852,41,30/03/2013,5,Legal,24,7,81,92,72,35,50,19,86,26,46,72,Bethanne,14
1273,10,01/10/2014,54,Training,84,1,59,18,30,47,95,6,17,59,39,53,Marlene,77
886,18,20/07/2019,53,Business Development,20,2,35,1,59,63,78,99,75,56,49,24,Albie,12
245,46,07/08/2014,79,Business Development,58,4,93,4,69,21,89,31,43,10,84,71,Babbie,45
610,9,21/11/2014,7,Accounting,44,5,15,31,64,47,77,73,37,98,39,65,Gracia,64
276,38,17/11/2018,14,Engineering,13,4,13,22,32,38,20,72,18,89,5,92,Vinni,6
1421,34,31/05/2015,36,Sales,23,1,20,12,37,32,24,29,45,62,3,57,Anastasia,73
514,20,05/04/2018,65,Legal,34,0,66,96,79,33,75,38,73,46,22,79,Marijn,46
1265,46,19/01/2014,95,Services,71,4,58,54,95,85,58,35,0,21,2,3,Adella,80
1471,13,11/10/2013,99,Support,80,1,80,88,68,86,38,2,87,54,5,80,Sherm,42
1828,27,17/11/2019,55,Sales,9,1,63,87,31,65,65,1,52,55,11,69,Garwood,31
1411,34,08/11/2013,53,Support,86,1,83,12,4,60,95,33,48,14,94,83,Jandy,15
844,21,10/11/2010,9,Marketing,27,2,79,1,8,25,19,75,97,19,82,14,Auguste,48
1654,40,04/07/2014,40,Support,86,9,69,84,44,27,71,73,98,76,34,14,Phillis,91
990,25,25/05/2013,17,Support,70,2,70,25,33,89,57,54,39,16,22,43,Wayne,70
1247,6,26/05/2018,25,Support,92,9,38,16,56,49,5,78,49,13,17,50,Perry,69
487,13,01/11/2014,29,Business Development,26,5,5,41,8,11,41,61,8,21,92,86,Emmi,7
354,10,13/01/2015,38,Human Resources,45,10,18,22,76,69,32,22,20,21,91,62,Derek,51
372,41,03/11/2015,36,Human Resources,54,1,35,77,12,37,46,94,62,16,30,18,Temp,22
1162,3,17/08/2019,73,Services,15,10,65,94,25,48,50,88,90,26,99,0,Sloane,32
759,18,01/09/2010,13,Support,76,6,32,27,85,14,49,60,24,63,25,57,Garvin,2
0,39,06/07/2012,91,Research and Development,53,9,8,97,11,58,58,72,53,22,45,4,Deana,97
1311,2,04/09/2019,40,Product Management,8,9,72,55,39,50,42,50,82,54,28,95,Cole,95
972,42,13/10/2012,70,Engineering,35,10,17,70,3,34,0,98,98,10,87,33,Elizabet,11
1282,11,06/01/2015,24,Business Development,10,3,40,96,96,34,9,99,45,68,45,24,Gary,79
333,47,11/04/2017,98,Support,19,0,85,14,87,21,65,60,71,55,29,11,Konstantine,73
953,42,17/07/2013,82,Training,78,8,31,98,0,41,72,90,56,44,51,27,Sebastien,10
1876,48,19/07/2013,75,Human Resources,69,6,5,7,87,47,34,70,74,73,66,8,Alister,89
1155,28,28/02/2017,39,Business Development,4,10,82,26,26,9,68,73,93,63,89,80,Helga,92
1388,4,24/03/2020,60,Product Management,17,4,92,49,96,76,59,38,69,62,86,88,Kurtis,29
84,11,02/10/2017,1,Engineering,18,4,38,67,95,14,50,99,69,61,6,20,Joane,76
1668,47,17/06/2018,79,Legal,48,9,32,85,78,40,62,51,28,78,93,34,Kara-lynn,5
856,20,19/05/2018,83,Services,60,5,83,33,19,19,22,60,62,95,19,79,Thacher,41
1481,9,06/12/2014,95,Product Management,24,2,36,97,5,77,75,97,98,66,55,57,Frederik,78
15,24,21/10/2014,35,Legal,44,5,4,91,88,40,22,72,69,81,54,96,Nani,50
261,5,29/02/2016,53,Sales,27,1,75,54,97,67,29,89,26,100,48,80,Sigfrid,20
1174,26,24/05/2017,66,Support,50,10,9,71,61,7,91,37,38,18,49,65,Etienne,86
1221,5,29/10/2013,2,Product Management,30,9,33,92,13,8,21,12,36,72,74,75,Marillin,33
112,1,18/08/2018,72,Business Development,40,8,96,97,3,83,74,52,61,9,92,36,Jim,91
1612,50,18/10/2014,21,Engineering,0,10,50,84,30,89,50,71,18,25,46,25,Mirabel,26
361,14,16/05/2011,91,Training,83,5,10,66,56,25,50,72,2,32,42,45,Misha,18
1410,6,27/11/2014,58,Engineering,69,5,90,50,93,89,62,19,98,45,94,16,Cass,57
226,11,13/03/2019,98,Support,73,1,47,21,32,44,77,97,26,2,75,18,Keane,6
732,17,23/06/2017,98,Sales,27,4,90,67,47,11,36,61,96,76,48,3,Frederico,66
890,42,08/10/2018,88,Training,74,5,55,99,37,19,11,30,28,26,20,53,Eldon,97
476,24,01/02/2012,16,Product Management,29,6,23,71,0,85,33,76,61,6,12,67,Paolo,16
1664,32,14/03/2015,8,Services,37,1,97,38,34,100,67,87,9,67,18,1,Denney,61
141,42,21/12/2019,61,Sales,69,10,80,30,62,39,5,71,24,2,52,12,Jae,32
1448,18,30/11/2019,91,Marketing,100,4,41,59,8,58,60,9,30,56,72,57,Godfry,97
639,42,12/11/2012,21,Support,63,7,19,7,73,18,4,4,91,98,25,14,Mandel,2
1631,1,27/02/2019,92,Services,46,3,96,70,55,73,43,72,45,16,92,43,Fonzie,76
1403,31,02/01/2017,100,Product Management,56,8,6,48,91,47,81,3,46,62,77,30,Trixi,46
909,3,11/11/2015,40,Support,86,1,95,57,2,48,63,94,6,66,67,21,Clementina,38
1100,31,13/07/2013,60,Business Development,26,7,84,90,83,47,62,83,86,60,78,62,Leesa,0
1502,8,14/08/2014,54,Services,64,3,63,82,4,28,85,39,85,77,63,35,Consolata,64
309,39,14/07/2017,93,Product Management,85,1,78,58,59,0,95,18,75,67,51,89,Federico,97
304,29,02/01/2012,68,Legal,8,10,25,45,12,70,79,57,30,55,52,30,Fair,100
382,48,06/04/2012,56,Human Resources,94,4,59,77,94,34,20,11,74,10,44,100,Upton,87
1026,6,16/04/2011,51,Research and Development,30,0,88,86,4,22,50,2,6,15,60,82,Ciro,3
412,42,28/05/2012,11,Training,0,7,44,57,50,32,2,56,65,7,78,6,Bernette,4
1450,1,07/10/2018,89,Marketing,79,1,11,15,64,18,79,8,85,28,74,29,Katina,84
915,47,30/10/2018,20,Engineering,13,4,62,83,94,68,7,0,25,9,80,64,Pearla,100
1764,31,30/06/2017,48,Sales,35,1,20,11,18,95,79,0,61,17,37,8,Quintana,21
1379,39,24/07/2011,25,Services,23,5,22,15,82,31,65,56,26,17,3,2,Artair,63
1849,6,09/02/2011,72,Research and Development,81,8,21,39,13,11,94,47,55,40,66,77,Elizabeth,48
1957,26,29/06/2011,36,Business Development,34,6,74,89,83,15,96,70,4,19,62,72,Friederike,55
892,47,08/03/2013,14,Training,27,0,39,0,43,38,36,16,99,16,1,95,Lona,59
1187,16,09/09/2019,19,Product Management,28,0,82,76,52,84,95,3,50,41,90,21,Kit,86
1450,31,15/12/2017,9,Support,100,7,55,79,34,87,70,51,66,84,87,100,Selena,38
500,35,22/04/2018,89,Training,2,0,78,72,23,82,60,71,78,47,84,55,Delano,59
1255,23,19/10/2016,41,Research and Development,17,9,36,2,74,65,62,62,36,51,95,5,Lanna,73
1187,37,25/12/2019,20,Training,10,10,75,93,96,12,9,41,91,0,67,89,Saree,17
981,18,30/06/2016,20,Product Management,62,1,29,57,43,10,40,52,0,68,25,28,Eric,84
757,34,06/09/2012,55,Sales,67,7,61,26,5,24,61,79,54,85,38,23,Kaile,4
1050,38,21/08/2010,69,Legal,26,1,23,97,2,48,75,41,82,35,57,67,Shani,96
1845,46,03/02/2018,3,Sales,96,8,72,27,41,97,54,53,59,62,43,32,Blaire,27
1094,29,31/05/2018,67,Training,2,6,56,51,100,66,37,23,56,45,17,5,Shannah,66
220,25,11/03/2011,89,Legal,18,7,10,8,51,65,81,52,2,16,40,38,Anders,84
1709,22,06/12/2013,85,Research and Development,50,9,29,3,49,93,80,31,34,53,10,23,Calvin,63
1510,38,20/04/2019,56,Sales,51,7,17,26,49,36,22,67,75,84,83,81,Mindy,94
1584,5,06/03/2016,91,Research and Development,52,8,30,32,94,9,45,24,88,19,44,6,Kathy,83
720,12,21/05/2010,22,Business Development,49,7,86,28,16,10,56,63,17,72,12,72,Keelby,2
283,20,03/12/2019,47,Human Resources,24,1,44,57,72,41,69,67,44,69,92,68,Milton,84
33,3,18/06/2011,88,Accounting,40,10,77,53,21,88,61,56,5,86,69,3,Morgan,96
1058,11,05/10/2013,20,Research and Development,34,4,79,83,28,34,100,47,61,43,77,0,Hayyim,66
1724,49,23/09/2013,72,Marketing,93,4,55,61,0,42,4,100,37,17,39,1,Marney,75
700,50,18/04/2016,72,Product Management,97,1,89,45,73,88,99,61,1,91,23,73,Chelsey,80
1969,14,21/12/2010,70,Product Management,4,0,68,97,29,43,33,74,66,98,42,30,Reynold,24
433,16,05/08/2013,78,Sales,82,6,24,11,22,3,75,13,23,20,70,28,Clio,36
314,33,15/01/2016,99,Sales,64,8,80,8,83,28,93,45,89,62,63,39,Clemens,64
222,18,31/10/2018,13,Services,55,1,99,47,43,30,25,50,96,20,3,96,Erich,87
133,29,29/08/2011,5,Legal,39,8,33,12,84,98,79,88,13,21,53,33,Cherish,34
1561,19,01/03/2015,26,Support,42,5,66,48,1,89,25,99,82,45,67,73,Birgit,24
895,33,25/10/2013,27,Legal,100,0,76,79,92,12,26,9,58,24,70,7,Annmaria,83
635,34,01/09/2014,47,Human Resources,60,9,29,94,36,4,0,39,36,0,68,40,Alexandra,12
390,29,28/11/2018,64,Training,43,6,16,77,17,11,68,81,11,27,77,12,Codie,76
1337,11,03/12/2010,4,Accounting,43,10,55,88,79,20,31,43,69,18,20,15,Chico,6
1501,41,24/10/2011,100,Legal,25,6,83,2,50,7,4,5,25,36,38,51,Hillier,57
261,13,28/05/2011,77,Training,35,9,93,57,16,72,42,28,35,81,42,22,Beniamino,26
1039,10,01/07/2013,77,Research and Development,13,6,51,58,42,37,9,85,29,22,20,34,Petrina,82
148,47,25/07/2012,9,Marketing,12,2,4,3,99,88,20,27,60,69,29,32,Fifine,66
1130,31,15/04/2012,25,Human Resources,63,8,81,86,32,70,46,47,86,43,63,54,Cointon,71
1487,38,14/08/2019,44,Product Management,55,4,76,12,45,48,26,7,19,95,5,16,Deanne,30
925,30,06/09/2013,2,Sales,34,0,37,58,64,13,61,63,53,22,85,48,Franny,39
334,5,24/02/2016,79,Services,64,1,85,49,64,16,49,15,12,81,64,78,Golda,41
665,44,06/04/2018,63,Human Resources,40,7,4,12,71,19,37,68,20,33,37,53,Vinny,80
105,20,06/02/2014,49,Training,87,1,96,15,83,9,45,49,55,70,87,48,Cass,80
843,14,26/10/2012,63,Marketing,48,6,23,57,19,14,46,58,22,28,44,21,Piggy,61
9,39,04/11/2013,62,Marketing,79,5,25,73,80,14,56,75,55,76,14,85,Paton,41
1637,26,10/09/2015,9,Services,14,7,31,21,75,81,11,35,90,39,14,86,Walton,41
529,28,27/03/2015,42,Product Management,5,4,30,86,36,48,7,7,73,35,95,25,Georgie,10
852,26,18/11/2012,78,Services,82,0,60,17,45,60,64,99,20,30,43,76,Sansone,7
549,31,22/05/2018,34,Marketing,71,3,70,1,32,7,54,58,43,62,18,69,Web,15
959,14,19/10/2018,84,Training,2,4,59,4,44,44,96,89,29,25,89,1,Clementina,4
1217,38,28/06/2014,68,Research and Development,63,3,37,56,27,78,63,46,64,97,60,52,Paco,18
723,25,28/02/2020,0,Accounting,65,1,100,8,37,73,41,1,46,94,50,67,Marcia,76
521,2,11/06/2018,50,Services,6,2,88,45,29,68,96,39,26,45,85,61,Aguistin,94
426,19,20/04/2011,59,Research and Development,61,4,34,94,70,2,20,33,16,50,61,91,Roderick,83
476,0,23/02/2013,40,Marketing,96,4,97,96,67,10,84,77,82,66,54,72,Randall,100
479,40,03/05/2016,44,Support,91,6,78,19,37,69,36,81,6,59,53,80,Salvador,40
490,1,13/09/2016,14,Accounting,24,3,91,19,91,28,2,90,89,39,24,67,Dalia,54
1648,9,13/02/2017,55,Training,91,7,27,29,7,53,2,26,67,57,90,5,Willy,40
628,44,08/02/2019,34,Product Management,76,2,44,12,1,6,2,22,61,1,64,60,Bram,63
266,28,06/11/2010,6,Research and Development,47,9,65,15,32,82,72,77,52,66,94,34,Byran,40
1155,37,05/10/2014,61,Marketing,66,0,16,85,12,74,52,66,1,97,78,83,Del,92
1348,36,15/01/2012,82,Product Management,73,2,67,71,5,81,55,70,8,69,95,82,Jefferey,12
1661,47,13/08/2010,64,Accounting,43,4,2,14,52,52,69,80,40,62,62,6,Toni,11
1931,32,07/12/2018,24,Engineering,37,7,46,77,58,64,47,31,20,38,45,95,Gasper,48
592,3,15/08/2015,35,Research and Development,24,7,36,86,44,96,70,83,9,43,98,39,Deva,63
47,34,30/05/2014,48,Human Resources,93,5,91,40,48,71,69,70,26,70,17,18,Athene,19
1766,0,01/05/2010,80,Human Resources,52,1,53,5,97,58,11,74,39,80,27,60,Iosep,43
819,25,10/03/2016,26,Research and Development,43,9,15,65,88,88,84,31,87,6,28,72,Alonzo,85
1281,39,25/12/2012,86,Training,88,3,87,47,83,39,96,29,89,39,33,18,Merry,25
522,3,24/02/2012,61,Services,85,2,32,24,69,65,3,93,68,82,2,71,Kelly,1
793,15,24/01/2019,73,Legal,69,0,64,49,63,73,35,6,3,98,36,21,Dolly,34
25,50,20/01/2019,26,Product Management,97,10,55,50,57,64,18,19,37,11,9,70,Obed,60
1533,29,31/10/2011,32,Training,75,1,74,29,96,36,97,58,79,21,60,77,Clemmie,5
589,48,05/04/2013,14,Accounting,82,7,31,31,0,17,41,27,65,54,41,60,Nadine,25
1512,22,03/10/2010,19,Marketing,31,7,73,19,61,67,20,85,68,9,17,30,Garth,19
557,45,08/11/2016,82,Training,58,3,36,44,89,33,100,26,12,0,66,18,Onida,62
969,6,19/10/2014,78,Business Development,37,6,77,0,96,58,65,81,19,94,66,42,Gabriela,61
1024,9,09/02/2016,49,Sales,63,7,36,48,90,77,82,99,10,24,20,12,Katine,83
1820,8,19/03/2014,48,Legal,4,7,81,55,7,4,34,29,32,15,80,59,Bertrando,42
1351,30,02/02/2018,35,Support,41,2,37,53,79,66,75,92,37,92,70,22,Bobbi,63
1268,11,18/04/2012,30,Accounting,33,0,37,70,26,50,8,86,85,28,3,11,Cammy,95
226,20,30/01/2018,11,Engineering,23,3,62,98,53,32,90,20,71,84,0,76,Abner,72
403,44,20/11/2010,56,Training,94,10,77,19,19,14,83,46,56,77,92,86,Giffie,2
1148,11,10/08/2015,76,Legal,17,4,64,36,82,34,72,96,71,1,84,70,Kate,73
838,20,20/02/2017,22,Sales,44,5,36,12,15,96,61,44,57,37,47,27,Kaspar,72
1397,34,27/01/2011,1,Business Development,5,5,100,16,67,58,97,65,80,86,98,63,Ag,25
33,23,16/12/2017,50,Support,9,6,40,30,42,85,93,22,42,95,82,17,Gerhard,19
213,22,30/03/2020,15,Sales,100,9,17,40,65,46,88,82,58,72,98,91,Harlene,67
293,34,14/12/2017,94,Marketing,98,6,65,88,8,41,27,4,68,37,59,89,Rhetta,49
834,3,16/09/2010,73,Legal,14,8,67,48,9,25,100,6,80,54,3,83,Pierrette,89
1092,13,12/02/2018,3,Services,20,1,97,12,25,81,54,76,11,97,8,24,Haley,4
1124,25,02/05/2013,68,Business Development,4,10,47,85,75,96,70,82,19,52,24,73,Brandea,38
1087,15,14/08/2016,52,Accounting,1,10,9,12,53,74,83,74,93,93,79,19,Zaccaria,73
750,7,19/09/2016,99,Support,2,9,9,76,96,74,2,95,56,1,90,15,Merilyn,74
1945,39,21/11/2015,89,Product Management,9,3,54,3,88,12,96,85,67,26,10,28,Rab,46
449,28,07/06/2016,94,Training,54,1,52,80,45,79,92,37,97,92,49,0,Adelaide,8
298,27,23/12/2014,35,Support,38,8,95,9,59,63,50,36,17,79,95,19,Eydie,31
1799,48,09/11/2015,42,Accounting,40,3,33,54,56,82,90,71,71,70,59,11,Lacee,5
558,48,08/09/2018,100,Support,57,2,16,23,9,49,94,66,96,26,6,62,Nydia,45
1047,36,28/04/2015,46,Engineering,19,9,88,9,52,29,21,56,89,85,64,83,Kerrin,55
568,28,29/10/2017,92,Support,8,3,81,53,84,58,4,7,48,17,73,27,Husain,58
1932,41,27/02/2014,3,Services,15,6,37,21,0,66,8,7,13,17,58,85,Murray,53
654,7,24/04/2016,23,Training,66,7,76,100,52,66,95,85,19,50,26,52,Nicolas,22
1557,34,24/12/2015,80,Engineering,19,2,83,95,82,41,85,21,61,71,40,48,Dino,46
185,10,08/10/2016,89,Business Development,63,4,68,22,27,74,68,77,44,86,68,86,Vivienne,18
782,23,11/05/2011,50,Engineering,10,2,89,98,79,7,12,84,36,46,28,78,Orville,47
51,50,17/03/2020,94,Legal,1,0,43,80,82,69,41,51,97,89,41,68,Enoch,53
936,17,26/04/2017,78,Engineering,39,8,89,90,30,93,85,94,17,35,86,44,Gasparo,81
144,5,26/09/2011,48,Sales,1,2,80,18,84,65,11,9,86,91,77,79,Dunc,20
577,38,10/12/2017,94,Business Development,54,5,66,1,12,90,96,54,32,84,40,32,Ara,92
1489,5,29/01/2012,82,Product Management,57,2,69,48,88,50,24,24,98,8,93,86,Callie,21
1553,43,13/02/2020,98,Human Resources,78,8,93,99,20,87,6,37,92,80,31,31,Smith,13
855,3,09/07/2013,60,Product Management,6,8,47,38,74,67,69,18,4,76,8,59,Stanley,28
601,28,26/04/2011,30,Product Management,36,4,67,55,72,69,6,65,22,62,42,40,Keriann,28
821,24,11/03/2014,73,Marketing,39,3,94,41,80,43,50,17,25,12,93,30,Orland,91
422,49,13/11/2014,71,Human Resources,22,10,16,1,60,82,65,100,13,6,79,81,Susana,49
1046,43,15/12/2010,7,Accounting,99,4,8,25,94,44,88,41,14,7,72,78,Moore,51
901,5,25/10/2015,73,Sales,6,1,32,51,95,93,93,44,94,53,21,75,Darla,59
974,49,07/06/2017,43,Human Resources,42,5,94,72,12,92,47,69,88,78,82,80,Arlen,4
430,19,11/07/2010,75,Engineering,72,4,38,99,50,81,59,89,69,87,11,14,Jone,20
1967,24,08/02/2017,99,Research and Development,64,4,94,58,10,38,35,83,99,53,64,94,Ave,80
1285,12,15/02/2019,73,Services,98,6,37,0,91,52,46,37,70,48,63,0,Nataline,8
1597,15,04/01/2018,17,Product Management,53,4,29,3,52,8,88,40,25,58,36,24,Ettie,90
812,20,23/03/2020,96,Engineering,73,7,93,100,20,62,70,0,52,48,80,26,Constantin,6
1557,17,31/08/2019,36,Legal,76,10,58,90,84,68,48,100,66,75,75,69,Jobyna,33
830,30,17/02/2011,8,Accounting,73,9,51,68,36,76,3,57,75,75,0,42,Robin,88
486,13,14/10/2017,21,Legal,27,6,48,0,63,10,11,32,99,86,62,13,Abra,51
557,40,03/06/2015,85,Engineering,64,6,10,94,56,73,71,80,12,95,41,95,Alicia,62
227,20,27/08/2011,44,Legal,86,1,63,61,38,81,70,80,40,16,91,50,Irving,82
40,39,29/05/2017,74,Services,99,10,4,11,29,59,39,89,95,32,33,50,Hermione,48
88,15,24/11/2013,68,Marketing,70,5,75,29,28,80,64,37,36,52,32,93,Erinn,51
480,42,06/10/2012,54,Services,98,4,37,39,1,42,74,92,59,16,97,44,Cleo,73
433,17,26/01/2011,83,Legal,22,8,6,49,69,54,100,2,45,0,86,18,Osbert,80
459,35,15/08/2016,68,Training,4,10,73,94,16,26,14,51,4,93,96,95,Candis,91
805,24,03/06/2010,66,Services,73,0,59,78,92,78,15,87,54,44,80,75,Marcelo,51
873,36,03/02/2020,41,Training,81,8,66,54,4,26,49,72,78,4,43,80,Renado,35
1931,49,15/01/2020,73,Legal,42,4,59,66,74,68,76,10,31,3,12,86,Tonye,5
694,45,02/05/2019,92,Marketing,51,7,15,76,35,11,30,9,22,47,45,100,Nedi,40
148,50,08/05/2015,93,Human Resources,40,4,2,33,40,22,90,80,51,45,30,21,Hildy,21
1881,48,10/03/2016,80,Marketing,10,1,22,36,43,51,75,30,80,28,63,46,Latisha,0
133,31,25/05/2013,87,Accounting,68,7,40,84,20,19,95,93,76,44,23,29,Tierney,55
1701,11,11/04/2013,82,Product Management,82,10,33,82,10,42,41,40,62,15,100,0,Kinnie,64
1981,38,20/12/2013,76,Training,100,7,18,98,61,4,1,5,40,75,90,20,Alyce,54
1986,40,07/10/2017,76,Accounting,87,9,25,36,0,38,95,32,78,33,10,9,Martina,35
1179,45,20/01/2020,7,Sales,41,10,52,45,8,17,38,78,99,26,51,65,Nina,1
1360,31,04/09/2016,62,Research and Development,27,4,6,67,74,3,11,85,9,91,23,30,Kerrill,90
1250,42,17/01/2018,73,Product Management,88,1,45,94,87,20,10,10,73,68,9,19,Victor,22
1398,35,03/02/2020,87,Marketing,23,3,58,100,46,13,48,36,16,24,17,77,Everett,30
543,2,14/01/2013,77,Product Management,18,3,45,69,93,95,65,46,19,13,81,30,Reyna,84
496,32,05/03/2011,91,Services,92,10,25,28,66,13,14,97,94,46,50,12,Constantine,29
1594,7,21/04/2014,33,Legal,86,1,3,13,89,46,60,68,60,83,56,32,Abdul,55
309,37,12/04/2015,100,Services,51,4,86,1,22,87,23,48,60,13,18,83,Evita,64
55,36,03/08/2010,1,Legal,18,8,35,70,60,74,76,99,3,3,56,84,Dyann,2
1787,48,24/05/2017,90,Marketing,63,8,27,79,42,12,79,79,52,3,28,8,Eustace,23
432,47,25/05/2011,72,Legal,23,1,44,31,8,6,55,78,32,81,67,25,Linda,8
1775,50,18/07/2010,93,Human Resources,58,9,98,64,9,91,87,17,95,84,21,31,Tyrus,20
1024,49,03/01/2016,59,Human Resources,69,3,15,96,95,38,55,5,34,37,98,15,Halley,60
1298,37,09/11/2014,69,Business Development,80,0,27,79,13,98,55,58,83,89,73,50,Zelig,26
1381,41,21/10/2019,73,Engineering,85,9,49,51,59,45,72,6,29,43,27,34,Tommie,54
1707,5,12/07/2010,43,Research and Development,95,0,69,60,49,81,58,52,37,72,2,88,Penrod,5
1826,7,22/04/2018,0,Research and Development,96,9,99,37,97,47,76,6,12,20,30,97,Timmi,19
122,20,03/02/2012,13,Accounting,37,5,88,49,46,56,90,75,96,72,61,29,Jacquie,35
739,34,30/07/2015,100,Product Management,62,0,68,87,31,89,44,53,9,96,44,48,James,70
1602,24,14/04/2014,5,Engineering,29,0,54,87,31,84,47,87,55,95,68,19,Shepherd,56
1873,46,03/07/2012,42,Marketing,73,8,83,85,89,12,71,98,97,85,34,48,Nate,75
950,24,05/09/2018,56,Business Development,93,3,51,72,57,83,44,24,12,75,81,97,Bethanne,45
1299,22,23/11/2011,82,Engineering,47,5,64,37,9,12,87,9,0,41,76,57,Sigmund,66
1510,21,31/01/2015,56,Legal,3,1,49,99,29,39,25,61,17,39,43,96,Norman,98
1314,1,12/08/2018,95,Legal,76,3,15,62,75,40,62,93,62,37,8,73,Damara,23
1459,43,04/10/2012,30,Business Development,53,0,59,41,57,71,35,86,23,44,88,17,Abdel,6
1733,20,05/11/2017,5,Research and Development,34,6,72,48,68,73,48,29,53,33,89,47,Bathsheba,33
175,25,09/01/2016,12,Research and Development,46,1,65,63,82,35,85,31,4,73,5,8,Howey,27
1899,2,08/01/2016,88,Human Resources,89,8,43,12,10,16,22,18,91,40,1,76,Celesta,33
712,37,26/03/2016,58,Research and Development,19,0,63,54,26,3,31,100,7,88,82,75,Lev,74
985,3,06/02/2016,29,Support,4,9,41,68,52,26,39,91,82,25,95,90,Hal,80
515,33,08/04/2011,59,Marketing,7,3,89,65,26,94,96,50,91,23,64,23,Layney,8
338,50,28/05/2014,91,Human Resources,79,8,6,77,89,43,81,40,70,94,18,67,Giacinta,38
247,42,20/08/2015,70,Support,36,10,53,43,68,0,41,38,7,52,40,29,Ernest,84
1135,25,05/07/2011,67,Support,15,7,29,46,57,100,20,24,94,27,93,47,Raimondo,67
1782,12,14/12/2010,66,Accounting,33,5,70,3,86,53,71,99,8,64,6,100,Veradis,35
1707,1,11/12/2018,70,Training,65,3,73,70,91,76,44,48,90,0,91,87,Nada,85
652,50,22/01/2012,41,Business Development,60,0,54,59,94,11,25,75,87,27,54,11,Archy,89
1992,15,19/09/2014,33,Research and Development,89,0,71,1,11,99,84,13,4,50,29,71,Arlie,65
448,25,29/05/2011,77,Legal,55,3,44,9,46,86,13,27,63,83,54,61,Loralee,43
1215,28,28/04/2017,44,Research and Development,19,3,88,23,47,72,22,94,48,75,88,80,Krispin,20
185,25,22/02/2020,55,Business Development,31,5,81,32,86,19,30,34,48,16,38,28,Anatola,37
1798,42,17/04/2017,58,Human Resources,76,4,73,40,69,53,83,99,98,18,19,48,Gizela,75
564,48,17/02/2015,18,Business Development,37,0,97,68,91,65,45,94,69,27,26,59,Constantine,95
464,43,20/03/2018,22,Engineering,37,0,74,28,55,0,91,68,28,18,11,74,Boycie,18
1805,47,26/04/2015,70,Engineering,49,10,100,100,51,74,52,79,28,78,31,90,Bronnie,3
59,15,18/09/2011,97,Legal,95,9,58,71,43,73,11,49,9,93,16,49,Jacquenetta,47
117,31,08/03/2012,94,Support,0,5,22,84,97,53,63,10,72,98,84,58,Ethel,71
518,20,17/04/2014,29,Human Resources,42,9,46,68,36,26,24,47,45,23,71,100,Feodora,92
1953,24,23/09/2015,100,Research and Development,28,1,98,87,63,1,97,97,1,74,36,78,Jamey,18
1654,15,15/03/2013,41,Business Development,24,3,12,9,44,72,8,77,80,76,14,28,Kingsly,18
640,2,10/10/2016,91,Legal,60,8,80,63,29,55,88,74,79,85,31,43,Elwira,26
1862,49,22/01/2011,13,Research and Development,20,3,36,56,45,12,39,32,7,89,79,90,Libby,53
1688,38,04/10/2019,57,Legal,8,10,47,37,41,75,30,11,72,62,29,37,Enos,4
1868,29,09/10/2015,21,Training,95,8,43,7,0,33,6,1,77,73,54,76,Aloysius,5
5,30,18/10/2015,48,Services,66,0,9,57,66,26,75,26,43,94,69,74,Aurelia,61
105,43,03/11/2016,11,Training,46,6,12,39,69,84,78,59,10,3,98,47,Claiborne,68
1413,8,10/06/2012,31,Business Development,65,7,36,48,2,21,40,58,29,30,13,40,Joaquin,1
1073,21,06/05/2017,42,Marketing,19,4,96,13,37,2,1,12,56,38,43,55,Manda,80
1859,47,05/07/2018,27,Product Management,9,3,69,48,97,26,45,85,87,78,74,19,Demetris,12
1246,37,04/07/2013,57,Support,34,5,29,87,78,26,66,22,95,82,51,72,Bronson,6
1794,31,09/08/2014,85,Legal,97,0,92,17,88,51,11,17,76,97,51,13,Erick,39
640,45,08/02/2016,60,Services,82,6,4,47,10,78,33,45,94,59,92,65,Jeniffer,46
1067,19,24/01/2015,50,Support,46,7,57,42,29,14,3,22,64,78,25,68,Mitchel,71
1615,15,28/10/2016,27,Support,10,0,22,83,93,39,88,60,47,51,10,38,Carline,17
965,21,29/10/2014,31,Research and Development,84,5,100,67,9,62,2,10,85,6,72,87,Lance,37
245,34,31/10/2017,51,Accounting,71,2,34,17,36,41,49,11,35,61,44,21,Reggi,68
1184,24,21/02/2019,31,Training,83,10,9,66,10,28,54,37,62,32,79,96,Kiersten,90
848,38,04/06/2012,39,Support,93,3,15,64,91,33,13,54,92,91,55,70,Aylmar,4
711,10,08/12/2014,57,Engineering,23,3,36,82,76,28,73,82,43,5,75,63,Ronda,13
1932,20,12/01/2014,20,Marketing,92,1,79,96,2,43,72,71,58,44,97,26,Lombard,97
194,14,26/12/2016,62,Business Development,65,9,10,50,12,60,23,94,98,69,80,1,Thorin,27
104,18,08/03/2013,28,Legal,37,0,56,18,15,4,41,32,4,38,75,54,Angelo,33
697,21,13/10/2011,19,Human Resources,17,2,54,80,26,56,31,11,90,42,94,40,Hasheem,24
73,44,18/09/2014,25,Engineering,93,5,87,16,95,56,71,98,66,4,69,48,Phip,95
1183,34,17/03/2011,38,Support,89,5,17,26,68,92,72,74,51,95,34,100,Robb,17
273,13,29/05/2013,16,Product Management,83,0,74,38,59,34,38,61,85,10,31,38,Pinchas,22
756,1,02/10/2019,76,Sales,45,2,84,43,67,43,57,96,79,75,38,45,Jeana,28
507,48,27/08/2012,71,Accounting,36,5,92,40,58,76,39,72,56,28,67,75,Kenyon,58
1547,20,07/04/2010,44,Sales,58,7,8,0,72,45,72,16,15,16,57,72,Elfrida,74
0,35,30/03/2018,38,Marketing,18,9,83,81,91,44,89,10,18,32,79,86,Peta,51
874,40,27/03/2018,10,Accounting,85,1,73,88,35,63,61,45,87,92,38,61,Corty,94
1165,23,23/02/2012,70,Research and Development,34,8,92,39,17,31,11,19,80,61,47,56,Asa,78
1144,41,13/03/2018,98,Business Development,80,4,77,99,64,17,90,61,67,16,26,13,Gilbertine,60
1182,15,04/02/2014,2,Human Resources,84,8,23,79,51,66,51,6,20,63,73,57,Gwennie,10
391,20,03/08/2012,96,Business Development,56,8,70,85,14,2,31,26,59,69,20,7,Cordelia,74
43,39,26/09/2011,62,Marketing,93,9,24,56,8,73,100,94,75,90,77,88,Hobie,25
419,15,28/07/2017,1,Legal,48,1,91,78,98,83,62,48,67,78,62,39,Karlik,88
809,40,19/01/2020,12,Business Development,40,3,53,2,65,14,67,50,24,0,59,48,Wheeler,12
1379,6,01/08/2019,40,Training,66,3,81,99,6,57,41,3,43,6,58,1,Ethelbert,34
800,17,04/09/2019,83,Product Management,66,7,95,4,53,1,17,33,72,28,64,65,Aurel,71
61,47,18/04/2019,33,Product Management,34,3,82,27,57,34,21,38,11,73,65,98,Anastasia,10
352,13,17/07/2017,58,Sales,63,6,14,71,35,55,61,73,26,72,30,57,Miguela,53
977,25,12/01/2018,77,Research and Development,82,3,50,12,27,84,3,0,0,15,64,15,Regen,56
187,11,15/05/2013,84,Services,12,6,91,14,57,7,44,32,47,24,64,72,Kimball,7
706,21,07/04/2011,45,Accounting,18,4,88,20,39,83,80,58,32,49,96,56,Tami,1
1643,10,05/11/2016,4,Marketing,52,5,5,48,7,11,83,15,30,95,54,56,Birk,11
481,21,30/04/2013,56,Services,29,2,75,74,33,17,21,44,64,99,17,77,Stephanie,46
1746,2,18/09/2018,76,Human Resources,74,2,71,26,15,55,83,3,21,2,46,75,Bank,26
798,37,30/06/2019,80,Legal,46,7,27,34,46,17,80,71,92,33,29,59,Jessi,12
197,18,07/03/2020,59,Services,97,1,76,76,64,63,15,28,45,35,100,37,Ode,81
580,48,24/06/2011,59,Business Development,60,5,12,94,23,20,53,37,28,6,75,38,Richmound,95
930,22,15/10/2019,5,Training,63,2,68,21,11,54,84,99,14,52,92,97,Kleon,66
745,38,06/09/2014,100,Research and Development,47,1,24,51,36,42,35,15,7,39,32,4,Shaina,50
1632,42,13/07/2014,3,Engineering,59,9,28,41,52,98,89,49,13,16,46,50,Shauna,6
1675,6,29/04/2016,13,Sales,23,5,96,4,66,35,45,60,99,1,28,75,Tove,91
1377,3,22/07/2010,34,Business Development,25,2,18,8,93,12,12,39,61,57,3,24,Jewel,45
30,28,07/04/2017,64,Marketing,98,1,40,94,15,98,56,47,98,7,25,2,Catarina,15
1877,2,21/06/2011,25,Research and Development,97,5,56,41,100,17,14,77,67,76,14,89,Angelico,32
1427,6,15/06/2018,56,Research and Development,20,6,81,32,29,60,21,52,60,63,41,30,Jacquelynn,75
1091,12,14/03/2012,65,Training,20,8,59,7,24,32,47,63,23,63,87,60,Jasmina,11
1806,3,27/04/2017,51,Marketing,84,5,79,94,99,44,50,77,18,25,51,72,Ryan,11
414,17,03/08/2019,31,Human Resources,40,7,87,70,27,90,23,72,48,27,10,30,Gregor,50
1930,0,21/05/2010,90,Sales,96,4,63,67,37,25,86,92,38,10,43,22,Jarrad,46
1977,46,12/12/2012,70,Training,53,9,87,43,21,93,4,27,44,51,87,92,Cally,51
569,0,20/04/2013,49,Research and Development,84,6,30,85,40,39,9,27,84,65,56,12,Clementius,75
1531,35,10/07/2011,27,Engineering,74,7,0,73,24,23,90,26,79,93,28,53,Marita,58
1774,10,31/08/2015,65,Sales,13,3,21,2,81,20,94,8,32,12,97,98,Lorrie,30
865,29,15/03/2014,96,Engineering,31,4,38,7,60,6,24,66,89,1,48,93,Ferdy,5
484,41,20/01/2013,94,Marketing,33,7,38,28,38,24,52,69,70,93,51,9,Lyndsay,30
347,24,05/10/2011,80,Sales,70,4,65,51,86,36,9,75,16,49,37,70,Prentice,4
498,14,23/05/2014,20,Training,58,3,100,92,96,94,48,24,35,8,73,71,Allyn,16
84,48,06/07/2017,81,Engineering,77,3,92,16,91,33,28,92,43,79,87,88,Gage,59
1731,26,17/09/2019,96,Training,14,3,0,65,77,61,23,90,96,99,58,26,Ezmeralda,97
979,23,23/10/2019,70,Human Resources,64,2,17,44,56,17,27,44,23,50,11,6,Clemmie,48
274,6,27/02/2020,1,Services,42,7,14,98,89,52,87,100,21,89,51,47,Massimo,91
1878,35,17/09/2019,88,Product Management,75,2,55,75,58,43,22,30,62,6,74,79,Tori,9
857,47,05/07/2015,91,Services,11,8,11,14,48,73,98,42,83,70,85,42,Yorker,75
1512,6,14/10/2010,11,Services,83,9,42,1,27,26,23,70,11,20,69,14,Sarajane,73
1155,38,30/12/2019,60,Support,12,2,9,38,45,13,52,62,81,25,89,86,Brennan,44
1324,30,07/04/2017,81,Services,52,8,64,48,12,21,19,30,52,86,86,15,Lonny,8
1,30,09/06/2011,82,Human Resources,91,8,49,78,26,86,82,18,14,84,51,15,Joyous,1
810,38,01/06/2013,21,Product Management,83,10,97,32,29,46,73,85,34,93,84,80,Justina,73
1278,0,10/09/2017,26,Business Development,33,0,63,91,35,3,17,66,40,1,22,96,Blondell,80
