Player_id,Team_id,Trial_date,Trial_time,AM_PM,RPE,PlayerName,Team_id_day,TableRow_skey
1793,2,10/7/2011,16:25:38,AM,59,Gwendolyn Philpots,70,3911a372-fcb4-49ce-b44b-da9a74ed4007
1840,17,4/22/2015,22:28:10,AM,49,Elsi Penella,80,126ef602-ed98-4eda-a039-82ea619b3203
52,1,3/28/2012,16:35:20,PM,47,Crystal McCabe,87,97632816-3359-48d9-933e-942e1a657d82
61,23,12/25/2019,23:09:55,PM,32,Konstantin Algy,86,184c828e-3373-4b69-a76a-33245b95c710
322,5,1/4/2013,11:47:45,AM,56,Shaun Ughetti,88,993c6dee-a901-44f1-845c-5dff151e786d
1439,4,1/2/2013,6:54:39,AM,38,Ashlie Woodings,65,59c32798-ea0c-4805-887d-8e98010a994a
150,14,2/28/2014,22:01:46,PM,3,Camille Panner,32,d70ceb42-3150-4310-8a79-7ae924e3f776
425,21,9/3/2010,13:22:21,AM,20,Friederike Taylo,68,f0e635e8-71f6-4b85-817a-b4d46fee1574
391,21,2/1/2012,3:57:52,PM,87,Tim Bambridge,82,8b32cafe-734f-40f1-b823-68b7905ecdc4
1383,15,9/20/2010,11:35:48,AM,59,Robina Sadler,35,3e7092df-6a6c-4e99-9898-dcb7acfd9ba2
998,5,6/5/2019,19:08:37,AM,18,Durante Cassam,39,736505a5-cf1e-448b-9f1c-36e9128a01f9
660,32,4/27/2014,20:10:17,PM,27,Odo Crowhurst,41,fdb5bf67-7dac-41fb-9ef0-daf6fab3df99
1331,35,11/25/2017,0:11:58,AM,88,Charmine O'Dempsey,31,fc605667-73f8-4a0d-bbcf-8b21b1111403
250,4,10/18/2011,1:13:35,AM,60,Raffaello Denmead,82,af633bd7-d7ae-4cfc-918e-eca15d4ae8eb
1037,18,6/13/2012,2:00:24,PM,57,Trueman Armfirld,89,d82d448b-ae17-433b-a17f-6d0e3e3ee8dc
1330,36,3/22/2014,22:08:48,AM,9,Con Gobeau,39,51695228-6a89-4664-b03a-87dfb6a4fd9a
684,25,6/24/2012,9:42:22,AM,24,Heida Jarrold,42,4ba82257-780f-497f-9d93-10eb07efa89f
1700,45,4/21/2012,3:55:20,AM,97,Allyn Guice,36,0dce053e-4856-4dbf-ad34-0a921403574a
322,17,4/13/2013,10:33:21,AM,28,Aristotle Thorald,65,43cca449-8705-4464-ba4b-82133bd40287
1434,31,11/9/2011,14:04:22,AM,41,Heda Parlott,27,0008e4b0-b06d-4407-a817-ef7e98d383b3
309,28,4/2/2011,11:55:41,AM,95,Keene Claworth,28,ce003e06-60e0-43e9-b49b-99ef2002aa35
840,23,5/30/2014,19:41:46,AM,69,Hartwell Deam,41,17dc4147-7571-48a7-ab9a-dfa219eec6ed
1836,11,5/29/2019,22:57:47,AM,56,Roberto Haythornthwaite,69,657ba3d1-7646-4683-9e75-189d9ecb5241
1204,14,11/28/2016,17:38:57,PM,2,Sherline Kilroy,22,b9bfe9d6-ecd0-4db4-8a25-578f08f977df
39,1,5/29/2017,3:58:56,PM,86,Nicolis South,31,76712d82-c256-4e91-9385-33859657f5f1
805,41,9/23/2013,21:42:43,AM,39,Jennifer Lashford,86,cfdcfeb5-4cb9-4ee7-b5ee-ded51c756209
15,49,5/24/2010,8:04:12,AM,28,Pegeen Sellek,55,a5228f54-5b8e-481f-8604-36e3b7844bbc
1429,6,5/9/2016,5:19:52,AM,7,Joel Jentgens,68,773b43e3-7949-492e-9744-87c2bb475e71
1978,26,1/26/2018,20:41:00,PM,40,Knox Drysdell,32,e34636d4-fd05-4297-87a7-341ec9b54a7c
720,14,8/10/2018,21:29:20,PM,100,Lewie Wardell,41,737e2215-092d-476a-a67c-81e4aa713823
1056,32,3/20/2016,13:06:38,PM,86,Pooh Gunthorpe,65,86ece567-0f3e-4d02-ba2e-310c13452061
972,24,3/1/2018,3:00:13,PM,42,Chan Hubbocks,90,fc3ad52b-29e1-411a-bfe5-828214f387b0
1903,36,3/2/2014,6:13:35,PM,29,Cordie Roskelly,65,5f0cbac1-3f45-44f4-8d0b-46b8b4a0bb36
1351,23,12/29/2017,4:10:53,AM,91,Brittani Everington,23,b16f745a-e0ba-4635-a85c-06c08bd4241d
559,35,10/21/2017,1:30:53,PM,25,Vevay Waliszek,47,dd89471a-7078-45b1-a9a9-17b27fa2e51b
1904,14,2/24/2011,3:35:43,AM,40,Carmita Hurler,9,7a02287b-0dd4-4b84-bcd4-2f821d6b8b4f
1256,26,10/13/2010,19:48:30,PM,56,Lori Scones,17,0fd07209-d0ec-4148-8ee8-51e087834434
717,49,11/17/2016,1:05:38,PM,32,Dalis Mallabon,48,d3683f9c-3521-49b0-a3eb-c3076e7bc119
196,50,9/19/2017,15:20:52,PM,54,Francois Plenderleith,12,66d4351b-76ac-4e5e-86f3-1a102db47856
842,49,12/23/2016,10:55:55,PM,72,Nathanil Tarpey,35,5e423e58-09b5-44c6-8552-1ad9186c77e8
944,19,7/4/2019,22:55:39,AM,57,Nadean Pilbury,89,bc8a7cb4-3270-40d5-be19-c7abf3529877
150,41,6/1/2010,16:39:56,PM,59,Terri Bradnick,46,66d8215e-0f9b-42bf-b702-e5f11b493e0a
1207,27,1/20/2014,22:16:32,PM,36,Humberto Berney,93,e17c528c-95f2-4020-b610-a07cbb9e50fa
1646,8,11/16/2019,20:39:47,PM,18,Fianna Colquite,19,456633cd-905b-4bd7-b2c7-a37523144258
1937,12,2/1/2015,18:32:40,PM,64,Aurlie Von Gladbach,44,9cf91c8c-01c6-48c0-a009-67f3ee4046a3
1906,25,10/24/2016,14:51:08,PM,100,Rhodia Eite,12,6143a48a-3fc8-4543-9024-d56be7b1bb5d
527,16,8/25/2016,18:01:06,PM,76,Orbadiah Urrey,97,862c82ac-6556-45bd-8a6d-70dedf9f2940
990,38,2/16/2016,7:39:08,PM,14,Joey Stembridge,98,33aeef99-491a-4371-9550-67b1fec49d94
908,27,8/25/2013,15:02:15,AM,91,Carol-jean Devinn,44,7a495823-2b85-4518-b373-a43b78d831b8
219,42,6/1/2011,23:43:14,AM,70,Waylan Jarnell,72,87ab5d19-ebc1-4f5f-acb2-31ff1a214803
895,35,8/20/2019,12:32:20,PM,39,Sindee Karpman,29,fde341b6-d873-4c5b-831b-f04b9e781133
1154,4,12/13/2014,18:45:31,PM,47,Aurelia Eakens,49,ade0988d-e838-413d-a5a9-46abb468aceb
1261,21,4/15/2014,19:38:54,PM,94,Cristal Spileman,71,9929522d-07ee-4526-9e60-a319a156cc14
172,33,10/30/2014,13:39:38,AM,36,Bradley Deans,54,a483c1e9-3302-42f8-a1de-70b2269ed292
1885,13,12/17/2014,9:19:21,PM,65,Keriann Calderon,41,c99dc48a-8c51-4a51-94f3-0042907f1ee2
1075,31,1/15/2012,15:19:28,PM,1,Rad Fancourt,68,dd11c2f1-847a-4660-b245-678375eafb84
261,33,6/23/2015,19:11:50,AM,88,Ronny Heaven,12,def526e1-c39e-4d9c-b927-6231e41ef67a
1164,46,6/9/2014,6:23:17,PM,43,Ame Duigenan,50,2df6c254-93b2-4771-adfd-1cfb4d39653e
267,29,1/7/2014,6:28:39,AM,87,Chelsy Durrad,43,eeac9e99-925c-4afd-85b1-e797f38082d0
244,42,8/27/2014,10:50:57,PM,9,Felipa Earland,73,ef7f97e3-e1d8-4a04-834e-fbb4b296b6c9
1711,12,3/17/2013,14:53:21,AM,54,Krissie Devonshire,50,63f33eb9-77fc-45d0-8cae-a8e1b05cbb9f
90,39,1/20/2012,20:16:55,PM,40,Rheba Brik,54,798635fb-0705-445f-aaff-ebb19882a13e
946,47,10/21/2012,1:54:39,PM,85,Darbie Berks,66,68ba7a37-42bb-4cbc-821a-ecacafce26fa
1442,50,7/12/2011,17:10:21,AM,5,Domenico Pottle,3,64452784-07d4-46e3-9aa7-f88d5d6c04d6
3,26,5/2/2014,4:15:03,AM,23,Artemus Mc Grath,81,59002a11-dd16-4870-bb95-9aeb49999d3e
47,49,11/4/2015,3:52:52,PM,16,Vinni Rutgers,33,44fdb75c-589e-48ed-bc1d-52d8c5b80a5e
266,35,1/12/2019,15:16:21,PM,23,Truda MacMenamie,55,b1b8149f-2523-4b76-ac93-3ed05ac91257
399,27,9/16/2010,12:14:40,AM,37,Rena Henbury,72,84bd6204-f157-4737-8942-782cb5470e01
1685,3,8/19/2019,17:59:57,AM,52,Nicky Mitchelmore,93,623572aa-0d07-4207-8198-49c904fe0c0d
1088,14,1/23/2017,23:50:32,AM,88,Rosco Gathercoal,16,d2611614-c8d2-4b15-9fdb-efdcecb72d38
213,43,2/16/2019,7:47:24,PM,44,Jackelyn Waren,71,2557fdac-d7e2-4e38-bd90-c32def69ac9c
1439,13,4/8/2012,16:29:19,AM,56,Izabel Fann,36,a5955ee6-626d-4106-99eb-b1919184e14a
230,47,8/1/2016,10:45:54,PM,36,Meriel Gully,21,3f45f005-5102-47f8-ae1a-f7e2fdecdc49
1800,35,10/10/2010,20:30:41,PM,2,Major Causton,16,80991b2d-e498-474a-b5f3-552f926ad898
874,38,12/12/2013,23:44:01,PM,84,Lief Duly,48,3ccfae83-3eb6-4b89-8b71-e4240ff31cfe
1629,41,12/21/2014,22:12:32,PM,80,Aleksandr De Ferraris,6,212755da-acce-47e7-8533-6f807eb05e56
1072,22,12/10/2019,22:06:15,PM,7,Beltran Tinan,50,f929c5a7-af8d-4117-9f55-7cf713e241d5
1614,10,10/25/2015,5:10:16,PM,80,Gussy Adair,30,81b09963-36cc-4266-8b33-5afb94b43b54
417,23,10/2/2012,14:56:44,AM,19,Orion Barthelme,95,e0991a2c-b46a-41cc-9ade-f623500e18c0
1094,37,7/3/2019,2:01:03,PM,98,Karilynn Whitehorn,97,b94393b1-764a-4d86-8498-815cb53b946f
1050,16,4/25/2018,3:42:07,AM,86,Ronald Eastway,74,6a36f3b2-c412-4268-a3d7-7d68a2873beb
694,50,5/30/2016,8:53:10,AM,40,Neill von Grollmann,48,2aa16fcc-8e72-4d1d-8344-81e39016183e
1502,18,11/3/2015,4:48:41,AM,15,Calypso Delacour,15,b992ad19-fd11-4c97-8b8b-6450a419a048
778,18,1/8/2017,10:08:42,PM,88,Ronald Helliar,100,3753920a-6422-4b23-9ed6-4a728dd5d05f
1377,36,11/13/2010,18:02:58,AM,22,Pembroke Alvares,17,37c79f80-c59e-40b4-87d6-df7d32b67cf9
1855,45,12/6/2019,20:04:11,AM,36,Massimo Hitcham,53,522ef560-bff2-461e-b606-53f6bad2ebe6
584,12,1/24/2011,19:59:40,PM,66,Finn Grabb,29,642c899c-7a3e-4511-afeb-10105c71c676
1808,20,12/21/2016,7:56:45,AM,76,Nissie MacPake,15,49ffdc0a-7379-4615-9649-34119c376b4b
974,46,5/20/2012,18:36:02,AM,37,Adrianne Dunguy,75,1387e92d-6947-459a-92f7-bba22c1492ae
818,33,7/25/2013,11:41:33,PM,69,Trista Lebreton,58,f9d1dadc-dfd2-4646-b1d9-dc15bfa17cca
261,29,11/30/2017,10:10:39,PM,75,Joe O' Hogan,79,ec80c097-71b0-44aa-8f42-84f8bc69e91e
648,33,1/30/2015,14:12:02,PM,64,Gertrudis Conew,40,12d62013-4eaa-452b-836f-8231b373df9e
1790,12,3/31/2017,16:09:47,PM,2,Marten Polamontayne,97,835884ef-502b-4ff5-9f47-593e880fd1c3
1403,35,7/3/2010,2:21:34,AM,14,Bettina Whelpton,33,6a63a675-04f5-4589-91d3-8d31d3132d42
1646,5,7/16/2010,7:49:56,AM,90,Mitch Rampling,39,25421b5b-6d3f-4749-9c5e-27849ad5573b
757,33,5/10/2014,17:17:04,AM,71,Ethelda Collum,39,2842898e-1ea7-4e00-befa-b39f5a5c813a
681,45,5/17/2014,0:55:26,PM,56,Wait Damarell,10,7ccc0c97-ba98-4997-8ffe-5dc5d70efdd3
587,10,8/23/2013,21:32:53,PM,82,Caye Botright,35,35bcd4c7-1b89-4c62-9c01-9602062c5fd1
1101,30,11/19/2010,20:39:06,AM,3,Hilary Dietmar,33,c125cb62-9219-4ac8-8774-6a12e1271b15
1715,41,5/27/2016,22:46:49,AM,6,Lorin Scedall,49,314cc4f2-5c91-4807-8a35-87727db36d62
1240,27,5/3/2011,12:13:12,AM,73,Ossie Childrens,12,847b5809-d509-484b-ad11-66f0f26eae13
349,1,7/2/2019,8:29:45,AM,48,Electra Hamill,64,0988d75f-8fdd-45e6-a7e0-098994739b3d
1168,35,3/13/2011,10:20:55,AM,53,Dion Maisey,1,1ec090b9-d28d-48e8-a846-fbcaf007efa1
20,31,11/21/2016,13:24:20,PM,51,Robert Kamenar,14,0bb9d378-6e66-43ef-be49-65a6507e4251
65,9,6/2/2013,13:16:47,AM,45,Adrianna Troy,68,fb7b5f6f-7c63-4bdf-af67-3d80f8ea6d4d
1892,1,11/24/2014,9:38:44,PM,33,Eugene Mebes,18,391748a2-90a5-48a2-ae59-717ce5e1af1e
1974,20,3/29/2018,16:53:48,PM,38,Gale Wildash,33,c1866062-65f4-48b3-a702-c1777bbdb7e9
175,28,2/19/2011,21:27:42,AM,85,Kirk Shower,95,51e42293-90d4-4915-9ccf-bac89f302baa
745,11,10/14/2015,19:43:02,PM,16,Sibby Dorset,73,0d01b5e1-51d3-4fcb-97a9-787f82df7a0f
477,2,1/8/2020,6:23:45,PM,29,Maren Wennington,44,1b999266-6c6f-4c41-b325-1cd8277bd67c
667,22,6/24/2017,19:18:03,AM,69,Damaris Sandcraft,23,5c3bd032-7e10-425e-8a81-e9c6b58322ed
1215,26,12/27/2011,7:09:21,PM,91,Nikolaus Benitez,6,34751b02-2bb7-474c-a05c-adf7304d2523
598,24,12/13/2012,18:35:43,AM,14,Daffy Copeman,44,899ce8f1-c0af-4b16-87a6-7c45d18a09c9
300,35,4/8/2013,19:44:53,PM,78,Brucie Haslock,67,42d21068-7d33-4806-abeb-a62608352fa9
554,24,2/25/2018,7:57:01,PM,93,Willey Flynn,10,6ecaf322-3cd9-4b74-b2c0-9f867bb4db9a
542,14,8/7/2016,23:14:56,AM,77,Lanni Feather,45,c116d24b-2eb1-47ea-88a0-67205db3cd9f
458,27,2/4/2013,4:54:12,AM,91,Thorpe Pellman,86,fe540fe0-336a-4746-903a-204e1525129d
903,5,12/13/2019,5:17:15,AM,13,Charlie Luthwood,78,999da5c0-bce5-42dc-bf44-0ba9dc27bb51
1659,50,8/1/2010,8:53:10,AM,9,Harmonie Fursey,79,17e6e51c-da8d-47a6-8638-e47465273682
1977,36,12/29/2013,14:59:48,AM,57,Carolee Tasch,53,4e830be2-33d5-4f35-b4da-160f9d0f6b81
176,27,8/17/2011,8:46:53,PM,35,Boycie Harold,88,4a09f6bf-e1ee-40a5-a233-bd63fb5f0414
677,38,10/6/2017,9:08:24,PM,58,Chryste Garraway,39,bfaad952-76ad-4143-a456-e19cc38202b3
326,28,4/26/2010,11:17:30,AM,49,Stephanus Spours,57,cf476e86-5039-4b9f-8091-a6f9b2bdf143
507,28,10/20/2014,4:10:22,AM,17,Shirley Braznell,10,b7e1af8b-00be-4fe5-b314-3abe56a9284d
1508,11,6/26/2011,7:41:46,AM,9,Nathanial Rodgerson,42,f9ce495c-d957-44bb-96e5-9fd8a1d5bc16
805,47,1/1/2017,12:44:09,AM,47,Milty Razzell,72,6776d3f2-0454-412a-92cf-afa67f465f93
1211,41,8/5/2010,1:03:24,PM,28,Stefano Mintoft,3,12680bb3-f69d-41ad-9873-4647232b3b82
767,13,8/8/2016,3:53:48,AM,2,Barri Hancorn,75,a960d062-b078-4774-be1b-798fd0b92bb2
918,16,8/12/2017,10:52:36,PM,53,Benedetto Conningham,94,5aedb53f-ccf8-4f74-a03b-0a2ba77f44d7
1292,46,6/27/2015,13:55:11,PM,63,Borden Reddoch,69,e518fdab-fdd2-4a57-96ba-67e7d4b0fe1d
533,23,4/23/2014,13:16:19,AM,56,Jodie Tomney,61,184b19cd-29e2-4393-8eb0-5f6e8adac4ce
1594,46,10/26/2012,23:25:11,AM,51,Foss MacEllen,60,8c0ce369-a8cb-428c-b9ab-4febd4afcda7
965,38,2/27/2020,23:13:09,AM,93,Abbi Lenchenko,16,0b8cb71b-8d53-422c-a613-10dada978c59
1086,25,8/30/2010,9:15:56,PM,11,Lesya Crumley,59,5b6463a4-f1a3-48ab-a620-a0378ec37c1f
1368,11,11/15/2010,23:26:54,AM,99,Wells Leathlay,31,535526af-a011-491d-8740-140ac09af18a
1705,38,1/5/2019,3:07:50,AM,3,Perle Lapsley,43,747cb336-6ded-4ad8-88f2-25c8440ac493
1598,47,2/25/2013,18:20:05,AM,55,Jany Kernaghan,49,381464fd-43b2-451f-aa1c-75fdb9579af3
1122,27,4/10/2010,23:02:00,AM,89,Goraud Letford,36,8b4f5d8a-13a3-41d6-87da-026b611f161b
1247,27,4/26/2019,23:09:15,PM,66,Matti Balassi,90,4ed12ebe-dc66-4127-b784-5b2ce1531239
1612,2,9/5/2018,13:19:19,PM,69,Kara-lynn McCosh,83,e3b0a990-cc32-4e4d-b29c-d17a66af9d6c
1607,44,10/4/2011,19:32:17,AM,95,Todd MacIllrick,58,8ef7aed7-bef7-48c7-aa96-6735e3f226b6
86,3,12/6/2014,1:52:07,AM,61,Nicki Ingraham,84,67199f7c-1799-43b5-8352-3ba293509f9c
337,6,2/9/2018,11:19:47,AM,49,Serene Rosenthal,14,6db5ccab-e9a3-48e1-a6c1-1ff7533d6be9
1173,5,4/19/2012,5:02:51,AM,7,Meris Whittek,55,a8b0e2c9-88c0-4f68-872a-826e535f04c9
1428,37,5/17/2014,9:05:40,AM,73,Conroy Sharvell,51,b4edcaa4-fb77-4075-a8a1-3a678e3df6a6
486,43,6/1/2017,4:46:33,PM,19,Lucian Frapwell,73,5235d1ad-731b-4b0c-bdbf-e9ebde543048
1794,15,7/26/2015,7:03:07,AM,90,Greg Le Frank,26,29c6acbd-9536-4f3a-994f-9543274de4ae
1238,30,5/3/2013,22:03:14,AM,2,Nicky Revington,7,8309a959-52dd-41b9-8a01-9081345677b6
1799,13,5/14/2017,21:39:44,AM,43,Cheri Cescotti,15,fb28eedc-548c-4130-94e8-5891db2168fc
1274,43,4/7/2011,3:55:53,PM,65,Kean Hall-Gough,66,27ccd0d0-ccb9-4ddb-9c26-807d013741c1
632,8,5/4/2010,13:51:21,PM,84,Clayton Rampling,95,092f26a1-1401-4fd1-a8cd-06c4a0cb4adc
508,33,6/4/2010,8:04:09,AM,11,Seward McAlees,33,01f88375-e230-4561-a64b-cdb5f42b32ec
1392,33,4/24/2011,13:32:04,AM,4,Cornie Olanda,1,b7c32941-f2f7-4496-918d-97b17a386de7
1739,7,10/1/2012,10:54:21,AM,46,Gabriello Eckery,14,a808f1f5-e9a4-4583-8761-7acf1dc5161e
202,40,8/14/2016,1:24:47,PM,99,Prent Baroc,41,b831c139-abac-4da7-b2ff-1b7a9c5edc10
603,45,5/3/2014,23:36:04,AM,17,Margy Yokley,93,c4b3d75b-d214-4a3e-b3f0-fbfea5e222b1
505,40,1/19/2011,8:19:37,AM,82,Abby Skydall,86,3d36c5c3-ed6e-420b-9a8a-c2055123a8a4
983,37,8/17/2014,21:26:35,PM,19,Melloney Innott,87,647acd93-fd4e-400c-98d1-e4a7db8135f0
809,28,1/5/2016,12:42:31,AM,73,Annabelle Montez,36,8bbe8879-816a-413d-a6c5-bc248071555a
995,47,11/4/2011,17:11:43,AM,61,Francine Fibben,15,95a6d882-7333-4275-b09d-93b5af42828f
1548,23,1/6/2019,18:55:06,AM,15,Brnaby Crownshaw,25,7684d723-126d-496f-963f-4fbc7b1ddfff
26,8,8/17/2016,11:21:21,AM,89,Fonz Canet,83,25cce72c-3dc5-4598-970f-a7003b357239
1031,13,12/4/2018,15:55:56,AM,30,Kora Verrico,77,0a827bd1-e6b0-4949-bc6b-795bddac660d
1905,1,8/29/2017,4:37:57,PM,87,Hilton Tuma,63,da725391-c93a-476d-b1e2-dc21f1c8828c
662,42,10/18/2016,18:13:15,AM,77,Brewer Alliot,20,ab7bc28a-32c3-46be-89b8-15db2d4f19d6
684,41,7/9/2015,19:59:13,AM,85,Cairistiona Andor,14,1630bb43-6e1d-4f9b-869c-09bd9b5d2619
108,41,4/29/2016,7:38:18,AM,12,Kip Pallasch,98,4506832f-2a7c-4ff0-9385-7f814496f329
348,29,5/19/2012,18:01:12,PM,53,Pris Durker,76,88cb67e8-7b0e-40a9-8db6-681aeb5f9718
1642,42,2/15/2017,6:03:32,PM,14,Trip Hargerie,59,f4315177-806f-44dd-a351-78e413d831e3
1267,23,1/16/2015,6:05:50,PM,45,Suki Millar,68,c032753e-ea95-4e9b-9a8a-16f19773ae62
1428,20,12/8/2014,0:40:45,AM,76,Deloris Bertie,36,68157af6-3a3f-4f85-83c1-23690df014c8
1993,36,10/29/2019,5:21:16,AM,69,Hill Candie,66,eedd24a0-9837-472e-b926-e240c3550db2
1867,20,1/25/2020,22:34:40,AM,90,Gillan Juarez,10,b6244804-4820-4787-8cfa-e385a46aca95
1076,7,11/15/2011,18:27:08,PM,96,Dee dee Flanagan,45,3b82592e-33ff-4540-a220-719e680be66b
755,34,7/16/2017,12:37:35,PM,61,Grayce Guymer,65,d315a813-a69e-4c2a-b9f1-96486a097014
532,22,4/18/2010,1:04:26,AM,27,Rozella Shiers,22,d7b209db-07df-43e3-80e5-c1ab8f0fbb15
1304,16,4/30/2015,4:13:15,AM,63,Novelia Clemo,11,e2dc9813-a42c-415b-921b-708d750a70f3
15,38,9/6/2015,16:47:57,AM,52,Cristi Hounson,21,9b707d46-7f54-4d2a-8786-1563a0fbe766
720,38,10/27/2012,12:25:35,PM,6,Corbie Olivas,38,159fa1dd-a642-4c08-a46e-fd2aed0e8e4f
97,40,10/27/2016,15:58:00,PM,36,Tye Tattam,12,aa71181d-7180-4368-b681-25acead5250c
211,2,6/7/2015,21:08:21,AM,58,Derward Christon,63,5902f16b-d869-46d2-8783-1c2f8790f779
848,39,4/6/2018,23:48:03,PM,36,Stephani Labone,16,b042bf6c-296d-4352-a0fd-cc188b582b56
688,35,7/17/2013,20:59:59,PM,62,Wyn Eke,32,f372858c-1dae-46db-9552-900c1a723d04
405,32,3/27/2015,0:24:04,PM,97,Alfi Suddick,23,fe2bb03e-9837-4d3d-9728-4c20edd77f2c
1436,37,5/13/2019,20:31:04,PM,83,Giorgio Balsellie,83,3f4b211d-de69-42c2-a38e-7071a579d2ca
1192,3,6/28/2017,16:25:05,PM,7,Tab Lindwall,76,5878cf76-bc83-4d4c-b237-75ba99bd43ee
1949,6,7/31/2019,5:12:27,AM,78,Jolynn Wishkar,35,0a0fbb28-ef3f-4c2a-89d1-fcbe59dc8b88
1209,3,5/17/2016,6:02:39,PM,83,Raine Ades,45,7b590561-f18b-40bb-9352-2922fbfe32f4
1122,21,1/23/2015,6:20:21,PM,47,Else Potier,52,902d1a6c-03dc-4939-840f-9fc1091f4784
970,5,1/9/2014,10:57:01,AM,40,Rosetta Takis,35,14ac6d07-f818-4e05-ac36-fe3e61eac086
968,24,4/7/2016,23:30:47,PM,86,Waverly Rangall,28,4250df25-5d64-4e77-ac18-39ed477ff63b
1052,4,4/29/2017,10:02:20,AM,29,Uriah Gobat,56,b651f5a4-55db-422a-8a77-a94ba472af5b
68,44,9/12/2018,21:49:06,AM,35,Corri Beynon,29,00059c19-a766-432c-b5a0-228e1853e54b
1914,33,5/1/2015,17:46:49,PM,86,Dale Memmory,99,11c6cbd2-fe07-4b8e-99a3-53d6decc2f22
1527,37,9/20/2011,18:22:24,PM,46,Darcey Peirone,89,9f14352b-3ac1-435a-ae79-734d45133fcb
1610,44,10/16/2014,17:46:34,PM,91,Ross Bessett,8,f8034e6e-83a5-47ba-ab5f-93f374e682c4
1996,4,1/21/2014,10:29:53,AM,65,Erskine Auchterlony,97,416ae4f2-ab89-48b9-b681-4a3e5d76894f
1608,11,11/11/2012,16:58:59,PM,51,Shell Divis,81,25409a22-6821-41f0-a3a9-3e5599799eca
530,2,8/13/2017,16:44:47,AM,89,Minta Grishakov,60,71cf0bf2-d2bb-4681-a62f-7dee090091e4
1035,42,8/4/2017,15:29:44,AM,85,Etti Urpeth,27,93def9da-6d3c-44a0-8d3a-2dad7a23f233
1352,34,3/6/2016,13:31:28,PM,36,Filip Kitchingman,66,d31fa656-165c-457e-8af6-1038d5820ff2
415,28,10/30/2010,16:02:35,PM,42,Ailina Eblein,68,4ab0dda1-9293-4886-bfa1-bcad7e71aca7
1822,28,11/23/2010,11:29:48,PM,40,Samson Geraghty,42,201bffef-b426-42df-98f1-18cef3c21873
388,38,10/15/2012,1:01:25,PM,62,Nevsa Domm,74,384918e0-238c-4492-a215-65c01d86f0b5
1580,48,1/15/2017,5:50:29,PM,91,Jarrid Darrow,90,a76fa3e3-1117-46f8-961e-d94cc8bc8b32
838,33,4/24/2016,21:44:50,AM,19,Emery Illingsworth,13,f0af827f-eef1-4e38-b0c0-e3e6094c3906
1264,17,1/23/2018,18:32:24,AM,79,Blanche Woodburn,30,c3d38444-4d6a-40ff-a963-3b10ad9fc1e3
1996,8,1/7/2018,7:07:33,AM,62,Melitta Brahmer,62,7f7d8c15-3d08-42fc-bcc2-f73f28bd9dad
1703,22,1/28/2018,3:34:26,AM,41,Bartram Isherwood,27,6a30fc9b-35d0-48e6-bb53-14f8721bf845
1137,14,12/24/2017,20:09:03,AM,57,Jeanine Kindread,91,286983c7-23e1-41c9-add8-d1c866296828
1990,32,5/26/2012,16:10:11,PM,23,Bartlett Kline,17,1b85cc8d-7f0c-416d-99b3-30c831db0f41
706,5,7/18/2015,16:35:05,PM,67,Barbee Phant,85,622462d9-ca65-4bfc-9f84-cb7a90517c40
939,22,10/29/2011,14:36:51,PM,26,Therese Mounter,56,edbbd6b2-e61d-46d4-a35a-eb714c343961
204,39,10/31/2014,12:39:39,PM,31,Evelyn Houlaghan,77,6b4fc7a5-e44a-4551-bb1e-b242c1de6413
1832,24,9/30/2014,9:16:57,AM,89,Kimmy Askie,17,345bb771-b85c-4b84-88eb-3ca337da0780
424,45,6/15/2015,3:27:39,PM,59,Benyamin Rollins,44,4e9383a9-42a2-4ce3-a981-0be161941dce
542,16,10/1/2016,10:28:49,PM,13,Sheila-kathryn Salzberger,30,1675e3dd-8d61-4175-b209-a6b5b345048a
1257,1,11/2/2010,10:19:42,AM,95,Lorita Goldney,49,199e7765-38c2-4565-b4bf-781f7392415b
1346,50,12/27/2010,9:30:28,PM,99,Sandye Washtell,52,92a606d7-7d4b-4841-9ec9-9868416f6b4b
1176,9,6/25/2012,20:32:20,AM,42,Alastair Peare,20,0b72ba50-d4c7-4d43-b5e4-32fea410e079
1615,18,7/16/2014,5:47:26,PM,88,Spence Jacob,72,e3cae46a-9443-4264-9158-ace3416d3f97
291,33,8/23/2010,3:29:37,AM,99,Andreana Lourens,84,bffe87eb-54d2-4b5f-9f50-003fcf00502d
1762,25,6/3/2016,16:10:41,AM,83,Raff Pulman,53,2984e7db-4a6c-4fb8-92a5-692751e50602
1626,44,7/31/2018,12:44:16,PM,36,Christine Decker,7,a56919bf-f26e-4d22-9867-dcf1378e0e81
294,30,8/28/2019,23:38:17,AM,40,Kellen Mc Andrew,93,8ee7ab5d-8768-4fe0-95b2-22286c48ed61
1606,14,4/21/2016,9:39:50,AM,66,Arty Engeham,8,e89f468a-9909-4df6-8dcb-4d9a869147b0
779,2,4/19/2019,7:24:48,AM,4,Clywd Prickett,24,71210418-8f8c-4ae4-aca2-c4529ad5051f
1,22,11/29/2016,20:05:31,PM,30,Sada Kennefick,65,1bebe2f0-c518-4d25-9e4c-4492ddc53d44
949,26,7/29/2016,21:15:08,AM,37,Earlie Whelpdale,71,bdf0a422-b52e-4999-983c-c2df73a4b4ab
179,6,12/26/2019,7:36:01,AM,52,Blisse Leaver,34,a0f5e797-e2a7-446e-97ad-cbde58b4f732
139,18,7/6/2016,15:44:32,PM,35,Ebenezer Benettolo,31,e9d7192c-a485-4842-88df-797cba1c10cc
416,38,12/23/2011,12:25:05,PM,20,Langsdon Flippen,58,894f55d2-5f97-4adb-865e-8efca2baca5e
18,36,4/20/2014,5:00:21,AM,38,Keely Coggan,83,2fd7dbaf-7e20-4829-bfbe-2a5e6ce6ff0c
1932,48,2/13/2013,17:57:00,AM,2,Angelita Cremin,25,72be9246-086a-4fe4-8ba8-056700685dca
495,42,8/30/2013,16:50:52,PM,27,Renie Burnard,54,802e1386-6cb2-428d-84ff-781aca4ac7f4
855,3,1/17/2018,13:01:50,AM,13,Karalynn Lugard,57,15e4f631-f7aa-47ff-955b-c5003400c53b
395,16,12/20/2016,21:14:42,PM,85,Adela Ricards,36,fb5c4ef0-cb51-4ad7-a29a-2540a5c71494
89,34,8/3/2010,11:53:54,PM,43,Kiah Le Maitre,21,47f4c707-dfb4-4312-be7b-1454b0a45113
1682,7,3/28/2016,16:37:01,PM,75,Minette Minards,24,da17eae3-9647-4d30-acec-1da39312d17a
1398,23,6/30/2010,6:25:44,PM,89,Amil Aubert,13,35933f14-8809-48f4-bfca-7fbe3609adae
1215,28,7/1/2012,19:27:20,PM,49,Papageno Medd,19,d8758b6c-5fda-4e51-a1bd-304c3cd65951
977,34,7/22/2019,18:37:45,AM,42,Yettie Taile,48,3d927b91-3e79-45e9-86ca-d00131907383
1646,35,8/25/2014,12:33:21,AM,77,Jacquenetta Lightowlers,39,da587dd3-1e39-4e92-a6b5-6e9a87d41940
1988,3,10/10/2018,6:47:48,PM,37,Madelyn Sutor,96,fedce98f-2a25-46d3-9945-f2bfceb9822d
746,23,6/23/2018,6:29:22,PM,86,Farand Twigger,47,c7b62f01-7671-44ef-aed1-944753cea672
1263,9,1/8/2012,23:56:48,AM,59,Paige Fer,29,801015e9-0b3d-4da9-b40d-cf59efccfd4a
510,14,12/20/2010,13:36:06,PM,44,Sully Ottey,17,f919367b-a38d-451b-a0c4-8bc5a2e3a80b
757,18,1/23/2011,14:38:41,AM,15,Gilbertine Schwandermann,8,7044e428-2331-486e-8169-f0c7deac6025
32,3,6/11/2012,12:56:46,AM,68,Laura Pawelke,42,18a31e10-33ea-4be1-8299-fef3008d8890
1784,40,6/30/2017,14:39:12,PM,57,Rozanna Garlant,91,36e8a207-f85d-4ea0-a5e8-572b55ee9ddd
677,10,7/23/2014,15:56:08,PM,99,Tuckie Slack,80,20cada80-b144-4f8f-99b3-746723e02976
1291,21,2/23/2015,5:25:37,PM,96,Jack Chittenden,2,d7939360-1b52-4315-bbee-0bab8bd64183
1982,26,7/5/2019,18:04:03,AM,43,Aldric Hacun,70,46a0d7e4-7871-4e1c-8398-fa40e1d5d4d6
189,3,1/8/2012,8:01:09,PM,94,Osgood Peyes,27,1c973092-700e-4737-8459-99592e6912e8
1435,9,6/30/2016,3:41:03,PM,82,Marchelle Colliver,23,48adce3e-2cf8-4b9b-8227-8209e36279f2
323,12,7/21/2016,16:22:42,PM,28,Walther Sherrin,8,a429ebd6-4bd8-49ae-9055-9165c9b3564f
680,39,9/20/2011,11:29:03,AM,58,Quintus Marsden,80,c77cb796-60b3-4bbb-ad41-9350feac4763
252,11,8/30/2011,2:41:40,PM,56,Herta Webby,69,f3428d24-458d-4852-a836-9752f0e3ced9
1069,10,7/2/2010,12:10:35,PM,87,Jannel Stawell,48,05102826-1e1f-4ec2-9d83-f5191e673a92
1233,24,5/1/2012,16:06:31,AM,49,Bucky Piller,18,92ab511b-8545-48de-a7c4-0493d8f86ecf
946,36,4/7/2015,0:00:48,PM,29,Mahmud Pilipets,23,e8fdb14c-c507-405a-9773-ec187aabe5af
1163,19,7/16/2018,11:52:02,PM,82,Nowell Doy,69,24a6deb9-a5cc-45ee-8f03-7ac3b2bfa9b6
1902,41,5/25/2018,0:18:24,PM,70,Alfie Doerr,23,3fcf360a-a72c-4b53-a26d-7f0c76affff8
227,11,5/18/2017,0:30:57,AM,1,Elihu Immer,71,af4f317f-0fe9-4fd6-a064-48fdf33e3eec
278,50,3/24/2012,23:44:07,PM,50,Robin Corn,13,b072bf49-924a-4388-b2e2-d138aabb84c4
996,9,9/18/2014,15:16:37,PM,92,Skipton Banghe,79,6ad438be-6aa1-4071-96b3-eb386e86071b
279,32,5/5/2018,19:44:53,PM,76,Jonis Guttridge,88,6972cc98-a076-4efe-8676-c20e05d9ce37
1703,3,11/29/2012,22:30:21,PM,10,Emmy Sollitt,41,298f2873-1176-4c8a-bf24-30e9425ee13c
1312,31,2/27/2020,14:30:07,PM,96,Jon Adolphine,27,6c28d5c0-5f9e-49d7-9b20-48fc6d13a0a0
418,39,12/16/2019,22:52:06,AM,57,Nadya Karim,49,70a49df5-c9ec-4280-af48-8705415b75c1
167,11,7/22/2017,0:37:57,PM,56,Tanny Hritzko,20,17fe52e2-059d-4c68-b850-ff741be52d67
844,26,3/10/2017,11:59:29,PM,6,Leicester Furniss,60,ef82e5de-c629-4cd1-9737-ded7f690130a
855,36,8/12/2013,1:34:51,PM,9,Ezri Chalice,26,942f0a16-e0b1-4714-8423-7c67f839ef40
862,34,11/15/2017,10:57:25,PM,63,Birgitta Cutajar,37,10a0c780-a214-4a0e-9fda-dc4803a1f8cc
689,46,6/28/2018,13:44:30,PM,10,Wallache Duffy,80,30d9f91a-e3d1-477f-8755-cece5707a935
269,38,7/20/2015,20:29:29,AM,77,Torey Plowman,71,da73bd48-ec9c-4074-badf-a647433290ba
883,31,4/23/2018,5:25:02,PM,25,Blinny Rayner,31,b33fe281-d696-4354-b81d-c3848d7f0e6c
1503,31,5/29/2016,10:53:27,AM,86,Sheri Cossell,78,99e59dad-e0ff-49a2-b5a4-4d69c1744356
529,49,5/17/2017,22:51:24,PM,41,Clarence Prendergast,77,634bedb6-daf2-442e-ac4d-542f58a80ac6
1785,2,12/12/2012,21:16:57,PM,54,Corabel Batterson,6,687a5696-73fd-4f54-b962-0c929479bcbb
675,11,10/14/2015,21:37:39,PM,33,Shelby Nary,46,bd497a05-35a2-4c81-91ff-dd4b8593d37f
768,8,3/22/2019,0:06:22,PM,71,Judy Shatliff,43,6715a2b9-5565-445a-bb65-5a7f3044118d
1328,8,10/27/2011,14:11:54,AM,5,Husein Crighton,38,f18a3b06-ae0c-4597-a4e9-d9a113170860
1005,13,6/12/2014,19:55:28,PM,78,Lenette Sharplin,78,db28aa47-601a-42ef-b473-9f36c6c7c16b
1311,44,11/26/2014,10:12:10,AM,25,Quinn Blakeney,15,150ca45b-f6cd-4d6b-857e-44dcb2dfcbfc
1926,7,2/26/2014,23:07:36,PM,19,Chanda Pettwood,41,e20fec74-cd3d-4040-bd02-505d5cbdcf61
1259,38,12/3/2011,20:58:12,AM,57,Gretta Tulley,18,c2daa5d0-bcc0-4ac4-bbf7-2d0f555d46e7
1536,42,5/27/2018,5:07:32,AM,65,Geri Prando,67,b21d226a-ace9-4871-98d8-547957fdcc3f
1888,37,12/14/2015,19:33:13,AM,85,Heida Josebury,31,fa083955-9504-472f-90ce-1c71de17aed3
1650,30,8/5/2013,8:40:03,PM,80,Hermione McLugaish,100,3e046781-69ba-4c57-be4d-64a8e253e800
1549,42,10/19/2012,5:46:49,AM,87,Flory Simononsky,37,568ca53b-c22f-4efb-830c-eb626edf5d47
268,38,1/3/2017,9:11:04,AM,75,Ravi Weine,77,7372afdc-539f-4fde-bab4-879bfb20d24c
1304,47,11/25/2012,19:58:59,PM,56,Antoinette Monkeman,59,37e32506-d1cb-4bfe-b9ac-20b70949529a
1009,9,5/8/2016,9:44:39,PM,100,Helga Jennins,69,3768dcd0-c7dc-46a9-8116-1757e5f9bbf3
1990,19,2/22/2017,17:24:52,AM,55,Georgi Petzold,90,205c728f-2c6b-459a-a5ef-bd1ac77f0c7c
1201,3,10/9/2011,4:41:36,AM,89,Herta Janowicz,78,c3b7d9ec-6ceb-454d-bb6d-fea3a920d95b
977,25,6/8/2014,13:00:22,AM,76,Shaylynn Ferrai,12,e388ef13-5573-489f-8f48-8f41254ea95f
1795,43,12/16/2010,4:15:06,AM,32,Margery Korpolak,15,53059b71-ed27-469a-b600-a5b6968b663e
972,50,4/18/2013,11:49:00,PM,24,Bron Basketfield,15,c9379b96-8aea-4d66-80b3-c804ecfc996a
84,16,5/2/2010,4:07:46,PM,76,Nickolaus Delgado,78,7c159409-6bb1-4b64-9e5d-c8f872abd03c
900,42,4/17/2019,9:26:07,PM,64,Carmina Demelt,29,af09ea17-09a9-4ce7-8e8a-1c70390d82a8
882,12,3/18/2012,6:16:42,AM,26,Cullin Mularkey,16,8c22ce89-b3d3-488f-b81d-08491a9cd95e
1970,31,6/18/2011,1:11:16,PM,16,Sheryl Wrack,64,7c790423-ecd2-430a-afce-c14f8f1016df
980,21,5/1/2019,6:23:09,PM,40,Adan Shankster,42,791def0a-970c-4f27-8836-282f7d25d313
1913,32,10/3/2018,20:03:50,AM,34,Dniren Delmage,27,bc6695d5-536a-4a5f-a0b0-f9bd1bedd94f
989,47,4/3/2011,6:13:01,AM,58,Imogen Duplan,60,a823a6c5-7bfd-47cb-be05-846ba77da8d6
1906,22,11/16/2016,21:31:58,PM,13,Julius Hardington,73,71dfbd74-8a3b-4466-a964-4bec4346d032
1931,42,2/13/2016,21:33:43,PM,46,Philippa Tacon,93,25ddb8b8-e0af-4f11-bb80-5bc2b954f7d6
830,26,11/30/2014,18:52:56,AM,20,Madalena Bowyer,31,8645de7b-1069-4609-b2de-5dfe64af7c63
357,33,7/1/2014,17:52:02,PM,87,Romeo McNeely,96,fd6fdd42-00c2-4a8c-acee-e62b56f4370b
1463,1,10/28/2017,13:23:28,PM,99,Beltran McCory,10,010acbce-60c1-498c-b28b-15ed670f3cad
330,47,2/11/2016,15:09:48,PM,79,Farrand Barnes,68,e7a59b00-4d60-4c8e-8730-b0b78a7f0f62
1255,12,9/21/2012,9:47:42,AM,2,Lombard Drayton,44,90f028a4-d847-441d-8ef9-5e2e8c3dd891
1811,4,7/4/2012,5:04:41,PM,31,Stephenie Chiswell,46,2a3ab2ee-4223-407c-8dda-53a1b1231b3f
843,37,1/19/2011,21:24:57,PM,95,Spense Rosenshine,86,cc768ddd-b4dd-40b9-9da3-3dd692876f77
461,40,6/19/2010,22:03:29,PM,82,Sheri Stirzaker,53,02b19e11-5823-4137-b13d-6eb87f477705
119,15,6/10/2014,17:35:39,PM,18,Wallie Pettiward,46,96f693a4-cdb6-4d70-9416-8f64a2a43178
1632,17,5/25/2015,10:06:43,AM,21,Fernandina Thompkins,81,9e88c204-0f30-4336-8699-257ff9f0eade
537,29,2/13/2014,10:49:49,AM,66,Lark Sherwyn,40,92a71441-534f-4f8e-8391-3e68a42c4784
138,23,11/10/2012,21:24:21,AM,4,Remus Vasilic,15,7a258032-86d7-4e87-b96d-a7aa8cb944e7
1471,45,10/8/2016,9:43:38,PM,56,Elston Novacek,54,15a5bb28-5cc9-4510-8244-bd6a39929ac8
243,35,6/15/2010,15:52:10,PM,75,Guthrey Chappelle,17,587efbe2-2216-4463-8563-c889e37a8eec
821,3,4/26/2016,23:31:23,AM,71,Renata Jewitt,71,135c35af-73cb-4078-beb2-4d2da8aa2f52
1068,38,11/7/2018,10:29:41,PM,14,Kristal Greenside,31,c3d0e8a0-7649-41d9-bb5b-b5df734fcfb6
1010,39,12/24/2014,4:44:30,AM,52,Tally Barensen,40,e0a2dd8e-3041-4a3f-ad17-751c21ac631b
1939,21,9/11/2013,6:31:33,PM,6,Buffy Adamsky,32,00beca3f-c8f8-452a-93be-fd94af903f18
550,23,5/24/2011,1:28:04,AM,95,Vita Dell 'Orto,5,ef9b0fcc-7538-4d3d-9a82-795fbee3b995
1788,28,1/31/2020,11:56:15,PM,72,Dalston Abela,48,bdc5057f-ccd6-41dd-93d3-e774bf2c327f
1468,47,4/6/2018,8:50:05,AM,38,Antonin Humby,75,5f1d8cc1-1fc9-489e-bfe8-ac81a3f25809
737,38,2/2/2016,18:52:47,AM,84,Cleon Gasgarth,64,30246d9c-b980-41ab-8426-fe8e86262e1e
112,30,4/22/2019,7:12:03,PM,14,Mathian Ellyatt,28,41a4b927-7993-4676-ad08-974705fef71c
1594,47,5/6/2011,1:39:07,AM,53,Maxine Ainscow,65,32d8f925-8543-4d76-be77-616454e1f6d2
929,2,2/8/2012,15:50:21,PM,29,Goraud Conen,53,a4b3cef2-4e49-4cb5-bb5e-188274738891
961,38,7/31/2019,8:27:21,PM,9,Mavra Witul,5,f3085376-86db-4e79-a0fb-c38f976832af
1997,21,12/10/2012,7:16:05,PM,31,Hanan Arthurs,74,8c950c26-dd10-45f7-bf7c-6b2e19b335a2
771,3,12/14/2010,15:55:47,PM,96,Katrina Telega,68,61be1c13-e431-408b-a935-339291df2111
703,29,9/12/2016,13:48:00,PM,19,Humfried Stidever,15,28f91937-0d31-4c91-a957-81046004de75
961,44,7/18/2010,19:34:24,PM,68,Nicol Southerton,94,eb8e3c74-5cf5-48d5-a012-7f4ba9783a94
1607,25,11/12/2014,6:59:37,AM,42,Uta Furzey,73,078ed027-53c1-486e-9ce2-e3dfadc01a0d
960,49,9/5/2019,21:06:18,PM,58,Randi St. Hill,96,e8e09074-e0a7-4228-8cd6-ef6103c036f2
1735,20,10/19/2011,2:43:07,AM,60,Ambrosio Kingsnod,25,593d7454-bb84-481f-a661-aa5b2933f1c5
1502,37,1/27/2011,8:40:52,AM,95,Brigg Mackett,19,9b646942-553f-4fbf-812a-1e84c5134cda
542,29,5/10/2019,10:41:38,PM,20,Milo Elleyne,35,85379859-1595-4752-b406-cb6728d053a8
1463,22,2/9/2019,10:56:27,PM,14,Adorne McPhelimey,71,58e50ec3-705b-4fb0-ab2a-c644584b7126
812,17,11/6/2018,21:54:51,PM,57,Teodor Pratley,53,196b66cc-a6e2-4f22-8ae9-0eec83dd8935
96,44,1/16/2016,14:47:52,AM,75,Hilde Sallarie,6,35e5f518-607a-4501-8519-fdb00ca3984f
132,14,12/11/2014,9:28:02,AM,22,Rockie Lampkin,39,775bbbd2-b177-48ad-87df-82e2b488b5ae
864,37,2/16/2017,18:02:31,PM,27,Clara Vannikov,44,e13d9e0c-c9bc-4ed4-964f-ab85244e4b10
1801,33,3/9/2016,9:28:50,PM,16,Devlin Mayling,39,f8bd12f8-0d49-4fa0-a637-6d64e7759583
1311,37,11/15/2019,14:09:16,PM,15,Alexa Mulchrone,22,fb19d580-a99d-4012-a467-39121d7678ca
1457,1,12/14/2018,0:55:45,AM,29,Hannie Rowswell,68,59df2ef0-46e5-4023-bf82-8bec22f7038a
121,25,10/26/2010,7:06:12,PM,41,Ursuline Josephoff,91,6fb11fe8-9667-41c9-9eee-c469d46e996d
1669,39,7/8/2014,15:40:54,PM,10,Lorie Revitt,60,f69665ad-c482-4181-9b94-434f5f17eada
1846,19,5/26/2016,15:30:21,PM,28,Gretna Brookwood,95,e4d261f9-510c-4f43-aa1a-8b397d11d3d9
1824,26,9/20/2012,23:06:49,PM,39,Godfree Lebang,71,f42ac3ac-ce4a-41d8-8568-58a06db1ffd1
1251,14,8/8/2010,10:29:37,AM,27,Graig Canning,98,b4400ae2-0936-48fa-8a0a-a306efa1a6d9
886,20,11/13/2013,18:59:10,PM,78,Marsha Ussher,40,bcae9022-ac18-4c29-a98c-7d9b2cd182f2
1103,11,9/11/2013,6:32:35,PM,100,Bink Normavill,93,99415ee8-b2d3-45ec-9de9-3ca7cf7e4b68
1623,14,8/11/2018,23:23:22,AM,100,Ethyl Sympson,78,3dfae405-6556-4418-a1fe-86c6b6a48baa
324,47,1/27/2016,1:54:02,AM,93,Annabelle Deacon,51,8dce5821-df04-490d-ae19-225a568812aa
223,28,2/3/2017,10:22:25,AM,41,Jilly Paddingdon,59,0da7a871-cbff-40e1-9f0e-b060781bb688
694,39,3/9/2013,10:56:24,PM,68,Dal Trundle,21,55916228-fe93-42b8-b854-a278c84c97f2
691,5,1/19/2013,10:38:18,PM,64,Shir Brockley,64,515352ed-1506-492c-a844-498bf895c906
1361,46,12/29/2012,20:33:57,PM,55,Saba Stoile,77,68bf3c07-ecf7-401a-a481-c9cf58a487a0
655,1,8/12/2017,5:25:32,AM,6,Porter Schenfisch,54,6a35b40e-c600-44fb-ba31-64b39acd9708
724,45,3/29/2013,10:05:23,PM,76,Corinne Knyvett,3,3e065bdf-8aba-4804-af07-4d738c8d945f
691,27,1/28/2012,8:32:28,AM,75,Dorise Sighart,52,ebd0b550-3f25-473d-ab44-ca2bed9e7b89
616,50,5/26/2016,12:12:34,AM,33,Anissa Dugget,27,58a17d09-a9a3-410e-9589-9c59641dc0ca
1826,48,8/29/2012,14:30:10,AM,97,Verla Durran,28,5500bb17-3cb9-414c-9f39-a0d6ac22adb4
1561,48,12/29/2016,20:30:19,PM,58,Sophie Stapley,16,b8e6737c-3663-4597-96a5-2c37fa77c809
1725,1,9/12/2013,3:34:54,PM,65,Cross Eyckel,1,e951b1eb-4b64-4cb3-ba66-dc9d939ceae2
1924,30,2/8/2012,11:29:28,AM,61,Raquela Ferron,18,9300cd66-20e3-4491-ba65-a38af9a3a4d7
1841,22,7/17/2015,20:10:02,PM,54,Mallory Barham,91,a0128b15-5ed4-47e4-a202-748dbbc6512c
1108,29,9/2/2017,18:23:02,AM,64,Guido Ganderton,41,757d55d2-fd1d-453f-a1e7-e58f6aa17c3b
102,4,10/5/2018,0:47:55,PM,81,Lorrayne Robertshaw,100,8144a1cb-f9d6-4198-b437-f0b279fa6f68
1951,1,3/16/2018,3:55:26,AM,69,Janifer May,87,14fb0e3e-c315-4b86-9449-4e406b7f7614
324,27,5/16/2019,9:49:01,AM,62,Ram Vallens,29,65440da2-733e-415a-8688-6c5afbf7941c
1911,40,8/6/2013,12:13:27,AM,98,Thornton Francke,47,17f25d34-5eac-4034-acbd-079b6d2b5c39
1776,5,1/10/2015,1:17:57,AM,45,Gregory McInility,70,faa2d7e6-0ccb-4a67-a230-16f962e8ddcd
1384,13,12/19/2018,3:41:24,PM,31,Pris Pakeman,88,7ee8b1f9-fcda-4980-8b30-77719f620178
564,48,12/19/2012,13:11:04,AM,38,Brent Bende,45,e5d36cf7-fb50-41ba-b266-041b96fcc7bb
626,9,11/30/2018,20:05:08,PM,28,Stepha Riseborough,75,b2092f04-c4c9-4b0b-9e89-84c8d5b03c4b
1218,7,12/26/2019,21:09:39,AM,50,Marlowe Gossan,45,d35f0942-80e7-40e4-b5f7-30e745e1aa9f
1261,16,3/31/2015,12:59:01,AM,50,Jacinda Clausner,38,9cda0d7a-041a-45ed-95a8-a1f78dc53230
1562,42,6/23/2017,8:55:34,PM,76,Christiano Bendtsen,56,1cbae26f-b8df-4c6d-8a80-c2ade39900d3
642,3,8/2/2014,7:35:47,PM,48,Nevile Dennington,51,8e1636e7-68df-4e79-9750-2dad3408bf71
1781,28,11/1/2018,9:54:57,PM,47,Philbert Webb,76,64908790-b98d-4715-bbd1-f4b09a89761e
1053,19,4/6/2017,18:28:53,PM,28,Jinny Annable,27,65316e90-3d11-4e41-a590-1fd6c34e370b
1558,20,11/15/2017,21:29:08,PM,72,Wilona Howlett,56,5198f330-8c4c-4852-a315-b4c564825dbb
1362,48,10/6/2014,10:50:25,AM,65,Dale Aiskrigg,29,4d6bbc84-f314-4446-8f61-7f53de20b1ab
154,46,12/12/2012,13:56:07,AM,44,Idalina Shingfield,95,a49f911c-727f-4b22-be51-5d7d6b81aa18
933,21,6/17/2010,22:24:07,AM,28,Darrell Langman,78,c842c457-480c-46f5-84c5-31ee22f50f5a
459,7,7/20/2015,23:05:55,AM,63,Lyle Cockerell,76,eab3fb78-e510-4210-ae4f-2b2d88d3a486
901,9,6/3/2012,0:16:28,AM,99,Tandy Mahady,16,2477640d-5fb4-4d4a-bdd7-6856206e974c
344,15,12/23/2010,7:11:20,PM,82,Constantine Georgi,23,33350d5d-d680-49d1-90d6-5af35f0100bb
1670,47,2/19/2020,1:30:32,PM,1,Matthieu Scriven,5,03ff8325-e0b0-4bb3-9620-dec5bbc53c53
356,30,5/23/2013,10:20:16,AM,74,Hedi Mourge,77,1d761729-ff81-4292-8b58-a9199c0af445
1619,44,5/22/2015,8:33:49,PM,2,Hillard Worstall,57,e5a21122-cc6d-4ea8-9b0e-f756c173d35e
1780,27,6/22/2012,10:55:38,PM,9,Lauren Fellon,90,2e070b62-2690-46d8-8faf-5161738c3a39
986,8,9/20/2015,0:55:36,PM,49,Costanza Collymore,20,f53aa877-19c0-4677-a7f4-7f60d3f10b93
1947,37,3/16/2016,22:28:31,PM,47,Garrot Biggin,78,fd37138a-2134-41ed-abba-ace16f7fdad2
650,10,3/28/2011,15:48:42,AM,37,Alexa Knowler,50,922a8e74-f451-4308-8cc5-864859772058
1459,45,10/28/2010,7:09:34,AM,10,Valentijn Sydall,88,a600f7c3-5934-48d0-9605-81db398e8426
1279,19,10/5/2016,12:47:31,AM,46,Wit Somerton,83,29653f53-42d9-494c-b6dc-0d0805e7cce3
1730,37,3/15/2012,15:31:29,AM,76,Mata Low,93,a14b33a0-d92b-4e3d-84f1-689ab16b2ea3
308,14,5/24/2010,19:11:37,AM,20,Zabrina Baldacco,58,ffab0f46-8f34-40cb-b842-8185701fdecb
559,43,3/9/2012,11:05:39,AM,71,Edi Oxtoby,49,0885cfd5-1425-4f1b-b3e1-3b67466dd072
869,20,6/11/2010,0:16:45,PM,81,Enrika Luna,17,32f1a87c-336a-429b-8896-d6ecbd9f870c
6,50,8/17/2019,14:52:17,PM,32,Perl Qualtro,37,4f11b885-9a88-44a0-b363-3da1e6be4a0b
1569,24,7/25/2018,16:13:25,AM,6,Fredericka Fransseni,67,c4c4cd29-00c7-411b-a11c-3c5dc33c96ed
1729,43,10/27/2016,4:27:54,AM,90,Mirelle Riseam,89,25bed28f-20ff-4b1d-bac2-88c97dcd0e35
1503,33,2/1/2017,22:14:50,AM,90,Simon Rivett,48,dd7c1554-0552-46dd-b686-54410e4e4559
1177,6,7/10/2010,15:04:21,AM,56,Rozanna Neames,4,5196b8e3-1f87-47af-939e-03c5758ac2ad
247,6,4/30/2019,14:14:00,AM,23,Krisha Bleackly,9,4da7dc5d-47d5-4d53-ae1b-b96e66aeb609
1915,5,7/27/2011,21:27:07,PM,48,Christiane Arunowicz,92,ff4740db-22f6-468b-ab6d-531e50c33b09
702,14,4/17/2015,22:39:53,AM,63,Silvan Prattington,39,e89b5b0e-c6da-4b44-acf7-2597256178e7
355,35,8/29/2012,16:49:58,AM,87,Eldridge Purtell,66,f68f2b98-ac9b-4031-af58-68c043a6bf2d
144,21,3/16/2018,15:11:56,AM,18,Cull Yakubovics,96,37b2e383-3b26-4290-90ea-e88f4bbdab14
1441,49,9/21/2019,22:54:53,AM,41,Vere Lasham,14,15f35646-0c53-48f6-9e92-9b0aa9298ddb
1098,43,1/16/2020,9:17:39,PM,96,Windy Boughtwood,96,784ba507-caa0-4f4c-a843-98b193382e70
1281,42,4/12/2015,12:45:39,AM,27,Cloris Eberdt,52,957141b0-8ae8-42a6-a0ce-c9ea48415045
273,40,10/29/2016,11:38:35,PM,7,Dalston Gennerich,14,dcba52e7-3cb0-40b4-989d-1655a2f098ba
261,21,1/28/2020,15:31:42,PM,85,Tannie Sparks,81,980f4438-5666-4b8f-9005-4fc426de297c
1542,35,10/25/2013,23:55:05,AM,37,Anselma Odlin,92,772c3012-bd43-4cc8-b790-bb639ed6a612
1323,29,6/28/2018,18:09:23,AM,99,Ellsworth Spink,36,d587f7d8-8d8d-4f41-97d5-f1949c76a527
1512,17,4/26/2018,4:36:22,PM,64,Vincent Noden,72,38a3378f-3dc1-40b5-a7bd-2f043a904658
1173,38,12/12/2014,2:13:52,AM,97,Christyna Billam,53,d2d68175-891c-406e-80e2-2b4a0fbd8aa9
1210,19,6/17/2010,2:57:47,PM,70,Clerc Gain,97,d45611cc-5822-4b92-9862-7f022b89b7bb
211,33,1/28/2011,11:42:39,PM,41,Alon Rosenstengel,53,0b07c72f-1263-4774-8693-2c5bbc9abcb2
832,33,5/11/2013,10:23:41,AM,93,Paolo Murton,33,5b3e95dd-e2b3-4cff-b644-75c4d220eea4
128,47,9/19/2018,5:53:44,PM,49,Jocelin Saby,49,51877858-ecfe-4cd9-a1b2-cd16635fa491
313,17,4/6/2015,12:05:09,PM,81,Burt MacPherson,39,e0545b07-2762-442d-88b2-b559f181a63a
1222,4,5/19/2017,4:31:28,AM,15,Jerrilee Wotherspoon,81,fa75e741-4325-4c7f-b2a9-491e30d701ce
1774,11,9/23/2017,17:04:40,PM,33,Lilli Dencs,1,0ad2b242-9349-4731-87ec-59ebd5150d95
1047,1,7/14/2015,6:18:23,AM,9,Marilin Andrag,97,84d78b51-362c-4448-99ba-280b49fa0588
1487,11,7/8/2015,13:14:22,PM,33,Amelie Shimwell,4,6e6a44d5-82e2-427f-ac5d-f1a45662e8de
416,4,3/18/2017,4:33:27,PM,15,Berton Priditt,65,bf2f867f-cba5-45b5-83a0-7b9e56cb3feb
1478,34,1/10/2015,9:52:01,AM,32,Grady Hempel,55,7f9da93c-38ee-4ea7-b431-83211f744e9b
703,36,8/23/2018,17:42:04,AM,29,Keith Bernardy,10,5abc8bf6-56cf-4dff-b2c6-6d79f6e47a38
1886,48,12/10/2012,12:32:24,AM,37,Stevy Carradice,6,cd407836-6aa1-417d-bdeb-00904a402b31
485,2,9/4/2017,21:52:03,PM,34,Gavra Sycamore,72,3629397e-2c89-4ca6-a7a1-5747d4d7197d
1077,18,8/14/2012,11:03:43,AM,73,Jorrie Boow,46,252c63aa-f36e-4486-888b-b295c5f47a34
164,48,11/20/2013,12:51:29,PM,95,Jule Rostron,33,a5f42709-cabb-4808-a86a-f3cea33af008
422,8,7/21/2014,2:34:46,PM,36,Keri Swires,7,b5869739-98f6-42d5-8a2d-5b4755869d2b
1195,41,2/10/2013,16:55:21,PM,62,Malina Vallance,15,40191beb-2ddd-484b-8540-da8a3fbdb22e
1507,18,10/20/2019,0:38:54,AM,57,Sophi Noblet,26,f40bbbf5-c6f5-4a63-9fce-6601f779cce9
1709,12,1/26/2019,2:05:14,PM,88,Colet Edlington,53,444e211d-d9a9-4ac7-a5e9-6d227cd7d001
591,2,7/22/2017,10:46:37,PM,53,Harp Jumel,69,b7bb2c1a-22ee-498f-a81c-2c39b21c6484
135,2,8/16/2016,17:06:54,PM,59,Skelly Dibb,95,1bd3fb06-de06-4db9-b5e8-351a646c33d4
1706,12,6/6/2019,7:06:29,PM,85,Olwen Taft,67,baf0ca6c-14cd-4743-86de-cb1079dee866
1940,49,7/13/2017,13:07:45,AM,87,Boycie Ivankin,20,92ab9c3b-e348-490f-9bad-87b06193a9a0
625,17,11/19/2019,16:37:13,AM,84,Rosabelle Cruess,72,2a6817e3-5d3d-4096-815d-321853b48487
117,3,7/15/2011,0:02:51,AM,98,Karlik Nancarrow,89,0e97e063-819b-4b55-87bc-259c1fa63aca
1999,28,10/5/2011,23:37:23,AM,42,Sabine Roskeilly,38,6460755d-1261-478d-950b-c1cfde74a7d0
1377,35,4/26/2013,16:58:37,PM,45,Ber Clohisey,55,42098695-1009-46f3-bc9c-d74040e03ab1
661,17,7/4/2013,22:18:41,AM,62,Kassie Kleinber,72,fc3bc57e-7ed9-41c5-be43-16b5c67b1827
1603,37,7/7/2014,14:15:43,AM,27,Adella Horney,63,340de5c8-8963-40f5-9665-3270309053df
1012,24,11/24/2018,18:46:07,AM,26,Edd Cocker,24,4add0d82-55c0-4c6c-bf0e-201677ba410a
219,45,3/17/2019,14:21:20,AM,23,Falito Asaaf,52,7cdf0c01-8437-4218-979e-72871f12940f
235,31,12/3/2015,20:45:23,PM,72,Em Norbury,37,56c17073-4603-4d86-b6d7-a64ab381b499
1655,21,10/14/2010,3:58:27,AM,32,Huntley Betteson,9,2105fcc8-614e-4917-8900-6f5346f58d22
1556,27,12/17/2019,13:45:10,AM,41,Ansell Chardin,52,533506d7-e242-4f89-9242-bc39ae0dc29c
564,19,12/13/2015,21:38:29,AM,80,Carmella Angel,6,c6ec7bea-bb06-42f6-a9e5-2d6bf4ce4430
1734,19,10/9/2019,1:45:18,PM,59,Dev Atyea,60,f1608c59-de4e-4672-b83b-70dc2a623955
1248,32,10/18/2019,16:49:56,PM,4,Calvin Armstrong,11,f6e2b623-2933-4ee5-a5ee-9b9a085f1ad2
737,23,6/15/2016,1:44:40,PM,32,Geno Clawley,97,9494ff81-b09b-481e-8032-9ec153971acf
985,11,9/22/2012,14:45:21,PM,91,Deane Maron,28,40ab4f15-ca55-4b32-893e-f475acf682ba
1794,39,1/8/2015,22:50:46,PM,66,Robinia Headford,41,2820fe58-5059-4ebf-82a4-1d77921bd77f
1711,50,8/14/2015,2:59:15,AM,97,Lesli Trehearne,66,3bcf4449-0dd2-4bbd-aa6e-d948d61d442f
1207,50,6/17/2019,1:40:53,PM,79,Kristofor Connew,5,23ea3704-d014-492e-be2c-91e000a976dd
397,5,9/8/2012,12:36:44,PM,69,Darsey Kingscott,79,d227fb3e-94ab-4bd7-b931-243635ecbd65
1394,43,2/8/2016,15:39:39,PM,10,Alia Bauchop,99,ce1cd952-42c5-4aa9-8cc3-26068e486551
1346,33,9/14/2015,5:01:24,AM,73,Nadine Seabon,90,e42a554d-fca5-424c-90ee-db7fee17bf24
1491,48,3/22/2014,5:19:12,AM,76,Rudy Fells,43,44308d06-7514-4c05-ae0a-183049d88827
128,11,2/24/2015,12:01:29,PM,65,Hill Nabbs,60,45f2fce0-eb5a-47e6-a339-c3a5c78168cc
1028,45,7/14/2019,15:29:51,AM,57,Morna Reinbach,49,0e6187d5-4144-4796-91bf-75b5ded39958
61,22,8/23/2013,16:35:44,PM,22,Zebedee Boorer,86,98dac15b-6902-430a-9965-673d8299c821
1956,1,3/2/2016,1:04:01,AM,96,Torey Wheelan,39,cda60af7-0c76-477f-8966-cc7cc1956295
1505,15,11/29/2018,21:10:46,PM,5,Lowrance MacGillivray,48,39c79557-8583-4bae-81f2-f700f9e2dd3d
1231,37,2/11/2017,5:12:00,PM,37,Norrie Wincer,35,cd6aa4c9-60b0-42ae-919a-ea84f2b2e6ee
861,10,6/3/2010,13:15:55,AM,47,Samson Orchard,38,01883ed0-79c0-4abe-8811-cb316eef049e
944,36,10/14/2010,2:12:28,PM,23,Tina Riccardo,46,08515ac5-7322-4f7d-9a93-23185cb32a8d
198,43,10/30/2015,9:43:44,AM,74,Sheppard McInally,75,5b6c9019-04b5-4e18-8577-26f109c26cad
55,23,10/24/2018,9:33:03,AM,2,Harriette Paxforde,5,ad95a0df-d88a-40b4-ad6d-1f1f6465af44
898,28,9/18/2011,14:31:00,PM,46,Regina Ruffey,6,ad472e5c-47ac-42ea-b7fd-7a0fe4a966d6
297,32,12/11/2017,7:45:05,PM,13,Sarine Grebert,62,290d9b9d-45c6-4535-b367-b1e6f4de1c84
1603,34,7/8/2018,21:18:51,AM,82,Nickolaus Aiskrigg,72,02b30596-8cbf-41b6-84f6-08f3b2be4402
346,26,9/23/2010,21:26:20,AM,50,Loralyn Ley,82,4c027f6a-f4c4-479d-aa66-bb25ab0694c7
946,1,4/8/2017,13:17:33,PM,12,Edgar Pimer,7,8451ff54-964f-4d09-867b-9fbf4d434af4
425,49,12/9/2015,11:29:58,PM,73,Mariann Vedekhov,71,7d8bdd95-da30-49f4-8c28-6a573a528fe5
955,23,6/11/2015,3:35:47,AM,30,Hansiain O'Sharkey,80,283a3eb1-8c3e-4c2a-ac9d-82ed7c0b06b0
596,15,11/28/2015,4:16:34,PM,11,Tommy Stonman,51,5eeaad6a-480e-4925-bf43-06e8bf215f9f
1827,37,10/13/2018,8:25:09,AM,24,Ainslee Moring,5,d1b644e2-d65a-4327-b558-db37c6763626
488,37,6/12/2018,12:45:25,AM,26,Terese Lawrinson,23,06167183-cee6-4875-b964-13708d88bec0
416,25,10/20/2017,1:12:16,PM,76,Shea Hindmoor,22,4c83bffd-0d70-4b9b-9e76-a4f42fe8c5b0
1184,47,1/24/2011,3:22:04,AM,89,Olva Ridel,17,dd2e6e95-f9a1-47f2-bddd-7584756041cc
1977,21,5/3/2011,15:58:10,PM,8,Dud Splevins,40,53d07ac6-0f63-4cd8-a126-52de4e02423d
424,11,4/9/2015,2:04:01,AM,75,Maude McCloid,25,1a3d9224-03bf-4311-aac3-05c926404788
961,11,10/13/2010,0:00:19,AM,57,Mariquilla Belt,56,096fcc0f-9d14-49e6-a927-d93e0936140b
1126,33,3/25/2015,14:21:18,AM,94,Pail Brusle,78,ba9b8443-9568-4e5d-b581-eefc8f2c40e7
1417,39,3/23/2019,4:07:50,AM,86,Anthia Stott,87,05344b02-d00d-4e6d-9ff5-1aa1da70b1b6
373,33,12/9/2014,12:36:51,PM,32,Sorcha List,78,30f235bc-464b-457b-95ab-04eb54fcf5ee
125,15,7/23/2013,19:58:31,AM,25,Tobi Fundell,45,d49f2e28-e292-4cb4-9ed1-0eaa56d2de3b
1580,8,6/9/2014,17:32:50,AM,32,Dolores Devers,87,3c6258cc-9103-49c1-9849-bc4e0caf7bf0
1348,8,5/26/2018,5:11:56,PM,74,Spenser Wadwell,66,37559a32-7fe5-43a6-950c-5715692f329d
515,13,5/30/2010,5:48:34,PM,8,Stoddard Boig,81,117d9eb3-8e31-4b1e-bf41-0dc93516e1c5
1307,50,3/5/2016,20:59:25,AM,37,Kiley Geany,46,1d01cb2b-c9fb-4d95-8fcd-651e81bef243
698,32,4/1/2014,13:29:19,AM,12,Ignatius Gibbins,39,ec8661b7-9970-434f-bedd-6e134b97a0a1
1895,48,12/11/2014,17:59:50,AM,5,Egon Adamides,72,f452be20-61e4-48fb-adec-16ed503f3c46
1872,49,3/7/2019,4:17:36,PM,38,Bradley Robardet,98,97a02f2f-b3d6-471b-aabf-33e55f6938ce
900,34,4/10/2013,18:44:37,PM,85,Ertha Bouzan,27,d314af93-0c59-4721-b016-2cb2789a3549
101,4,12/26/2013,7:01:15,AM,9,Celestia Ben,44,eb0d9481-61ab-4652-b890-356d955e0934
954,49,6/23/2019,3:44:37,AM,27,Brunhilde Penvarden,44,75cfcd4b-c1f2-4704-801b-d096ba0d0e57
1155,7,2/16/2017,13:30:39,AM,51,Emmott Gouldstraw,6,90566a33-916c-4673-be46-49a4e8e0d904
464,3,3/10/2017,15:40:25,PM,18,Kirstin Smallcomb,70,612524b7-0907-4946-8e01-2af39aa91f50
306,18,11/17/2019,6:58:39,AM,53,Vassili Poker,37,ca5d2393-eded-4a31-9cd2-96daa283299b
721,9,8/14/2014,15:44:15,PM,49,Bella Drage,89,55ac795c-cf04-44ca-9816-8ebbafb053d4
1339,34,9/17/2018,11:15:32,PM,46,Milka Dey,98,8e6cb3fa-08d3-43d2-9081-46fb2a391f96
1585,21,9/25/2017,8:18:03,AM,22,Ardine McCullock,92,5331007e-2bb2-4d9c-b8be-5edf133895f2
795,15,12/7/2012,9:21:48,AM,14,Benjy Dunkerton,52,53f40c02-3a89-48b1-ac13-58546eae0281
147,47,5/28/2015,12:04:13,PM,86,Lacee Hessentaler,65,7fcdb19c-4330-480b-9c75-46b8047e92b8
1329,35,9/25/2012,6:29:27,AM,95,Aime Feilden,80,50adb2f0-0bef-4f27-bf08-20ec5e09516c
734,42,12/2/2019,14:36:31,AM,28,Tildi Finessy,55,1fc8d924-aa18-4ff3-8e8e-f40b50d51255
334,1,9/14/2018,6:42:59,PM,50,Harlin Emeney,65,20b9455c-4990-4645-9d3b-0e08364eaa70
1427,13,5/9/2012,13:58:12,PM,14,Gibby Howieson,38,159879b0-e520-4d80-bf46-011d0dbeb16a
816,6,9/26/2018,2:56:23,PM,32,Benyamin MacSween,75,610fceaf-4615-499a-8131-3621dbd7fcdf
659,46,8/28/2013,23:28:45,AM,75,Kassia Bonsey,19,f1bb35a8-8616-4b92-bca9-8033c741137a
988,30,4/4/2014,18:22:25,AM,37,Chaim Mattiacci,46,bdce627f-f0d3-4f78-8d2a-eaa084ce2925
863,2,8/15/2011,17:18:16,PM,83,Addia Burkinshaw,53,093de68c-b593-46b3-a124-59cd716762d1
641,9,3/4/2012,12:31:29,PM,35,Dotti Pedican,91,2be3cdee-794b-473b-9dbe-fb65729648cd
1752,39,1/17/2013,1:05:39,PM,67,Agata Skellorne,81,ab969c70-6a91-4db9-8e33-8cce501fa4de
130,14,1/19/2011,18:04:27,PM,13,Luce Cockburn,34,f26ad78c-dae5-45ca-8e33-826eecc9b13c
759,29,9/20/2010,9:56:32,AM,33,Beverlee Ellif,81,11ac30b9-b755-4599-b04e-8e744292822f
687,19,1/2/2014,2:41:20,AM,79,Lissa Cadell,15,66eefa26-8f09-45f2-92cb-695a4c5247e9
1112,49,9/4/2016,17:18:39,PM,24,Jordon Nockalls,84,a5c4af93-26f9-4ab2-aa07-49fc6fe2cb06
1653,6,11/20/2012,17:52:34,PM,24,Trish Bray,84,0a864392-94d4-4974-9071-55ecfabaaf5b
487,26,11/4/2015,20:38:53,PM,93,Adina Simonsson,49,130b7da3-27b6-4e11-a726-d9d3c6d2ae28
1484,34,4/20/2017,19:10:03,PM,40,Ericka Ratcliffe,51,ad9f4ed5-4fa1-4157-bafe-cea076c509ca
1321,49,9/1/2013,2:57:54,PM,18,Jyoti Banbridge,33,289a975f-5045-46e9-84c3-cdc1b9bbe188
231,34,1/30/2017,6:22:09,AM,39,Kendrick Cuberley,97,d883702f-efbb-4f41-9017-4f51892b3b41
1319,6,11/18/2010,10:36:45,PM,71,Egor Rummery,65,20705281-a837-4bf0-8454-be142ffeac63
717,42,1/30/2014,12:34:53,AM,85,Nicolis Philpots,34,3eed6b8f-d2fc-413f-aac4-67f99c4442be
1282,36,2/11/2012,11:40:42,AM,15,Dorolisa Isaak,53,e30b13ed-2368-4246-85d5-31ef03df3690
164,15,1/28/2016,0:54:42,AM,15,Tilda Scotting,59,af8de918-0718-4b80-bdee-313edc8d96e6
909,35,4/10/2012,4:10:39,AM,83,Louie Iacobini,16,ca505ef1-a1a6-4980-8de6-13ce6e1e37f3
1574,46,4/17/2014,6:13:41,PM,100,Genovera Bane,70,0e86200f-859f-43d2-8812-131219059431
16,22,9/14/2010,5:09:43,PM,11,Reinwald Bothram,22,a0c78ff7-b0f8-41da-b1f8-bcb4c679fcdf
1862,42,3/13/2018,17:44:24,PM,75,Barny Tremollet,56,0f1877b2-7aab-4f2a-a6f7-5ea1666a71e9
1966,33,3/24/2012,13:18:15,AM,75,Myrtie Bonallack,94,0045acce-6122-46ab-b0a0-015308824cb4
1440,48,2/3/2019,15:22:50,AM,93,Harriott Rudland,78,d54bb928-ee9d-416e-bd22-39c11b3c5b5f
1215,37,8/26/2015,19:40:17,AM,54,Teddie Beadon,35,86a09456-8d31-46c3-bfc1-8771083941e8
1027,22,7/14/2015,12:33:10,AM,31,Balduin Harnes,7,be3b7fdc-aca4-4f02-9599-43a7493d219e
1804,16,12/20/2019,5:35:32,PM,38,Sancho Sibyllina,55,a8a299d1-cec7-4331-b845-435da9109be4
218,43,11/4/2014,19:00:01,AM,71,Alexis Phebee,24,db12c133-7e55-4cc9-b5bb-036ce4f5b35a
1990,2,2/6/2020,17:53:26,AM,9,Lanie Tomlins,79,b1ac1f27-f422-464a-9fca-ea29664a1e19
887,36,12/3/2015,18:37:24,PM,21,Riordan Barrows,65,0a613295-7074-4236-8295-bd38d536c42e
408,40,10/18/2019,20:09:54,AM,40,Selena Hugill,60,8602e9b5-3075-458e-a6bc-a7eea02f1a3a
1537,17,3/18/2015,19:52:33,PM,32,Raina Barrows,48,2c3d20a7-0f72-4561-a068-c9641148eecc
1572,1,10/29/2016,10:50:53,PM,67,Brittany Millott,60,187126c9-d8ef-4d9c-8b94-a731563be6b6
1929,16,3/28/2015,6:56:15,AM,13,Valry Schimoni,90,4065372b-7c01-4d01-8c54-78584359a2bc
390,15,12/2/2019,15:42:08,PM,27,Natalie Aneley,96,5b6528b8-07b3-49db-9072-25d5164ffcc0
652,37,12/15/2014,22:49:37,PM,83,Carree Goligher,30,f97ce53b-3ffd-462a-b6ac-66907e6d9ff6
829,10,6/18/2010,12:22:14,AM,48,Ortensia Spellissy,65,bdb2e967-2341-4825-b3b9-b9ac08b62bc2
1548,10,4/22/2014,2:46:22,AM,49,Anatole Wollacott,95,fbef95e2-a054-4a77-96a1-57e13a956cc2
1131,24,1/8/2012,3:43:08,PM,14,Natal Edlyne,75,04aba8f2-622e-47e5-9d2e-ce509eebcbf0
1153,35,3/23/2018,10:28:56,PM,40,Hodge Isaq,86,dbc033e6-8e5b-49fb-b949-c0f6d839a845
1740,16,11/28/2012,8:52:48,PM,53,Garland Cato,26,0f52efd2-8c9a-4144-a91d-c6f48703c5c9
11,47,1/3/2011,21:34:04,PM,97,Barbi Ludgrove,90,66d1004d-a31d-48cf-96e8-287c8a375c81
1077,15,9/10/2016,3:29:03,AM,67,Florina Bickford,36,e6fae2f5-f614-4a49-aed4-dc5f8c47e2b8
1853,14,11/8/2015,3:18:02,PM,99,Eryn Escalero,53,26a059eb-a0f4-42ab-a83d-6deaabecb69b
290,48,9/8/2010,10:30:29,PM,44,Graehme Gamell,75,62336215-8a56-4e2c-9614-63016b33f9b2
931,19,9/14/2011,20:11:25,PM,90,Gian Filippucci,99,01a2faf8-dc25-4ff3-a27c-2c01fbf7444e
1094,16,2/25/2012,1:24:27,AM,93,Lalo Boutton,90,3ccd247a-917c-4c9c-baa9-1ae4336341e5
482,38,5/9/2016,18:47:20,AM,45,Carri Boland,60,31b42057-e1ab-46c7-87c4-39eeee921952
1128,26,1/10/2013,6:40:12,AM,14,Zechariah Ledgerton,67,a99a1109-e3ca-45c2-9272-9142d4bac460
359,34,12/1/2017,0:48:15,AM,11,Farrell Taile,43,7a02fa62-22e4-4a2b-b11e-3a3094d2aee8
758,20,3/6/2017,20:26:20,AM,82,Joyous Surcomb,35,6c88844d-fb52-4f03-b21d-32ef85b24d15
1090,43,12/7/2014,7:29:18,AM,29,Rafael Govini,78,0d66d439-0541-425b-afc3-947c4acfff14
1114,28,1/15/2017,21:16:07,PM,8,Leora Blench,92,950af14e-3bb7-4c59-a39d-063504612f25
884,41,10/23/2014,21:24:51,AM,76,Abeu Brezlaw,2,af3abc5e-4e91-4861-acb5-bb0670052748
1949,22,5/6/2011,6:48:29,PM,82,Farley Whellans,34,68472167-2f81-4c6a-a74f-2c619f8f38e7
286,43,4/10/2012,11:47:16,AM,96,Obediah Gavigan,22,6302f89b-51f1-441d-a323-1bb631613c17
606,18,2/22/2016,2:18:48,AM,19,Penn Corkett,73,e2198271-9f38-457e-bbcd-12a5ee98c835
1096,24,4/12/2011,21:13:15,AM,68,Fern Shevell,78,4daab550-1851-4518-8daf-35068aa630ba
1023,22,5/22/2010,7:53:29,AM,64,Sterling Jendrusch,1,6db9f5ca-688c-40b6-b8db-e57ea5945d55
960,50,7/7/2018,12:23:26,PM,44,Ainslee Benardet,57,2ea6effb-25b5-40e8-8f1a-a25254e27ecd
813,43,2/1/2011,19:50:07,PM,8,Lorene Dearnaly,5,a4e1ff89-6a5f-4421-a3ef-c5be0f411596
896,23,3/13/2019,4:39:14,PM,31,Park Arnauduc,58,13f1fb5b-8858-4e4b-9bca-67e1275088c0
595,7,2/29/2020,2:26:11,AM,1,Oren Rosbottom,69,acb827c7-0bfc-4d95-a2cf-c00efe06867b
1348,49,6/13/2015,8:48:37,AM,9,Doe Rosini,27,7f1057d7-7155-4afe-adca-4f8f1132e566
598,25,2/10/2011,22:48:14,PM,65,Chevalier Welbeck,39,f164e07c-aa5c-4a79-bd62-bb9609bc1981
627,28,8/21/2017,5:39:01,PM,26,Bunni Slewcock,36,711126e3-8a70-438f-92be-14dacbae295f
492,14,12/31/2016,2:27:24,PM,60,Davie Adess,24,52b45eb7-76b8-4884-94ef-cee31647193f
638,25,1/9/2017,9:25:51,PM,71,Adlai Andryszczak,38,4b85ffb9-0635-417b-a1b1-e40987ae8667
795,35,1/16/2020,22:04:58,PM,81,Juliane Buckoke,56,4ec1b59c-ccd8-4b60-8a7a-9fced12082d2
1292,13,11/22/2013,21:02:43,PM,21,Lanni Boshere,75,70d9f757-4519-4f4b-b4c2-defaba6106f7
1093,1,3/4/2020,23:55:33,AM,100,Phylys Barden,14,2f1666d6-6a67-4ebc-8a3f-c6af08152361
1723,30,6/24/2010,10:21:50,PM,36,Hertha Hagyard,85,e7a51f5a-bcb9-49de-bb00-2eceb6f3d1fd
1847,3,3/31/2014,21:01:21,PM,35,Rodger Bonnar,8,9452be33-17f8-4142-b615-3b7fc474363d
1791,40,10/7/2010,2:30:15,AM,9,Todd Sor,34,219d6f04-5131-4ee1-8e43-dc38029eef55
1668,50,5/29/2012,5:46:21,AM,14,Veronique Ryott,17,3ea597e9-82bc-40f2-95e6-12e51b2c66b9
914,32,9/11/2014,13:31:31,PM,87,Franz Lundberg,83,92b12256-a82e-432f-a090-cec51ecd6df1
437,36,7/29/2018,5:17:34,AM,58,Aigneis Mulvin,54,de601e64-74c4-41b8-9197-e27f40372654
1828,50,5/15/2014,11:35:10,PM,40,Cliff Deport,31,847f57b0-e5c3-4d45-bcd1-9e9a2080dba9
500,37,4/3/2018,17:50:45,PM,51,Odo Vernazza,49,903a0496-4cef-452f-9a19-721b1b411752
1423,35,8/13/2014,22:26:51,PM,8,Felicdad Girkins,37,b3a1d6c7-16a4-499f-a84f-3aec7114d5f0
464,31,12/20/2019,22:47:39,PM,55,Rosemary Dyble,24,d06d9f30-72b8-4b7e-8761-87d3a62a5387
944,33,5/29/2012,20:31:49,AM,5,Orelia Naire,14,bf597af0-b379-4ffb-bade-ac02b6876404
86,34,3/13/2018,23:50:43,AM,16,Shirleen Bainbrigge,37,a54a9ff2-4c35-406a-8151-a187c9a1c33a
886,18,5/3/2015,12:19:01,PM,59,Rachelle Bernardeau,77,6a2aa727-29fe-4e01-8859-e3e7383a4a1d
1473,29,1/20/2015,5:30:08,PM,26,Shantee Eadie,81,4ea25b1b-d989-421c-b7c9-0d8b4f1234ce
282,43,8/4/2010,13:34:33,AM,10,Pietra Whitehurst,40,1fcdf1ff-3864-4a8f-aaa8-372356a305c3
138,48,8/1/2013,6:47:10,AM,40,Derrik Vischi,10,3760adb9-02f2-4e87-9eb6-198166d09e4b
1574,4,10/3/2016,2:29:10,AM,69,Port Fitch,74,339f0e2f-b4fe-4856-9f15-9c14807b0772
242,37,5/23/2016,2:36:15,PM,14,Jakob Airs,56,5e4068bf-9a0e-43a3-ae99-a203c2a1a30c
1017,39,8/17/2015,23:25:28,AM,63,Audie Fishburn,12,ad1145fb-9b2c-4459-98a4-8fbf0c4b6ff1
1209,34,3/2/2016,19:12:59,PM,84,Erny Zeal,12,a64ef332-32d6-4c96-8ed7-52a9bb3e2693
628,43,12/7/2012,11:10:40,AM,58,Leandra Berzons,83,0b651c7c-f401-4f78-95c5-cdb2c5ec9ec2
1213,2,5/11/2012,16:07:28,PM,84,Harley Tedman,98,3bbb33c2-1805-4e45-aaf8-03d3233b4842
1490,22,5/26/2011,10:52:44,PM,19,Em Gernier,76,c4eb94cd-87c4-41c4-b17a-b9d76c6e97e8
1434,10,3/14/2019,21:35:36,PM,96,Bryanty Nappin,72,d2b90a35-298a-4e6f-87c3-9aa99eece262
1231,31,9/12/2016,17:56:13,PM,92,Tamarra Dugue,27,23c49575-5c19-4fa6-8d19-b7101b3d3ce3
491,31,6/23/2012,21:26:11,PM,62,Braden Merton,3,bab2f7aa-6b5c-43dd-8125-059a53953053
1103,13,9/26/2018,0:54:15,AM,29,Trefor Nerne,49,d7a001be-a6bc-4bda-9ff4-ede93e50ea31
1679,5,5/22/2010,3:33:52,PM,45,Aldus Smickle,1,72efc959-182a-471d-8577-1d1efa5d7e8d
598,39,11/29/2011,11:09:32,AM,27,Danica Ismirnioglou,24,7c9e8614-23bf-438b-80e7-96ef1fc96c27
1330,22,10/30/2017,2:56:18,PM,31,Vlad Burger,41,36a5473f-def9-4f7d-83aa-8b6ee95840e1
1140,23,9/22/2016,2:23:19,PM,61,Jordan Huckin,99,6753277f-a6ef-4133-9d4e-203b1bf15b81
1499,42,2/9/2015,11:56:27,AM,82,Hanni Codman,97,1b3ddac0-40b4-4fcf-b765-91f096a7d0a7
120,47,8/26/2012,14:43:09,PM,1,Isidore Kenshole,20,ae230cde-7046-4209-b5cf-2e32b16960ea
432,49,1/27/2016,8:06:35,PM,58,Jacinda McElwee,10,84d49dfd-f352-49e8-a9ff-56054b726f97
1663,26,9/20/2017,5:37:31,PM,18,Marleen Benaine,91,7f0db579-9979-4002-9597-60d89df05b65
909,24,6/21/2019,2:06:20,PM,95,Rik Everett,60,2342b0ee-b322-45e8-9ae4-4afa03460c72
1525,15,3/4/2019,17:48:02,PM,39,Glenn McLagan,96,fdf4554d-e218-4fe8-83c5-2381992b5093
167,35,3/29/2014,1:32:49,AM,33,Anatol Clowley,39,5caecc48-133f-46d9-ae45-36d1ab9d4524
1975,46,6/14/2012,4:40:10,AM,71,Thomasina Donaway,62,adee8298-343c-4fb1-a203-71e3b576f60d
1963,39,5/10/2010,8:22:06,AM,79,Augy Boram,90,0c6558d0-ecab-4e9a-b01b-c676f34bd267
1926,20,2/3/2014,12:45:00,PM,67,Gusty Tumbridge,31,551d2fb8-5ade-437f-8ecf-c5ef67b698c7
1909,2,7/26/2017,5:15:13,AM,78,Mariam Pally,75,14786aea-dae5-4b89-940d-3f953726ef68
211,7,1/13/2016,14:52:14,AM,100,Nadean Winks,87,89685299-5b51-4014-99ae-d69272ba4e1e
1323,48,9/10/2011,10:48:29,AM,28,Faun Martine,15,96166158-93d0-4db3-9cee-d5cb85d27a66
1353,9,9/28/2017,3:37:15,PM,66,Maurizio Duckett,82,9c872ab5-c96c-4472-adc9-e0e48e3fb8fb
1085,29,8/20/2012,1:05:23,PM,21,Delcine Nucci,39,1bf21309-d8e6-4f87-9e00-d71d99766fe4
120,6,8/7/2018,23:15:25,AM,78,Melli Bagger,27,7cf7ac9b-f399-431f-8378-bfcf0a700957
1251,43,9/26/2019,12:44:21,PM,6,Daloris Deluca,59,72838d40-57af-493d-84d3-1ba5955eb885
933,3,12/9/2012,11:53:21,AM,70,Rafe Loiterton,32,15db5081-fdad-49e6-a06f-7f777a4bb7c5
1837,49,9/16/2012,19:47:01,PM,68,Astra Dabrowski,31,b72e039b-ed3e-4ea0-9d07-156195d17a24
894,14,12/31/2018,12:22:53,PM,35,Ambrosius Durrant,29,0cfc6e2c-2b21-4af6-beb9-dd1296f3ff79
1411,7,3/8/2011,20:00:20,PM,64,Mikey Aymer,80,b4066a0a-3009-4ea5-b53f-b41bdc102ad0
235,12,4/10/2017,10:36:01,AM,6,Eileen Junkin,6,08de327d-29e5-4143-bbd0-bff94057cbe3
959,26,11/27/2019,19:55:43,PM,81,Winnie Melsom,84,16d100d2-7121-41a4-929d-3b27e5615056
879,48,10/31/2013,21:40:05,AM,19,Garnet Spendlove,55,eeebb7ef-639e-411f-9525-a2e4b609f881
89,30,5/7/2011,6:42:55,PM,81,Jennine Meeks,20,a67b3398-7261-407a-9cb6-211754b13719
184,50,8/10/2011,20:34:50,PM,90,Olive Paule,27,890fc904-5a5f-4cb7-91cc-619c07f339fe
1339,32,6/18/2016,6:22:21,AM,26,Petrina Orth,31,483d1c44-aa7d-4545-9355-a4b8dcd89803
1070,32,1/26/2018,12:44:47,PM,61,Deeyn State,32,d7f25c82-abc3-4c66-951c-cdc15350218b
1041,13,6/3/2015,3:12:58,PM,98,Alisander Claque,62,26868722-a854-47bf-9b48-61f79e4a934c
1938,42,3/7/2015,8:12:44,AM,14,Edy Eldin,40,f9a8650c-1faf-4a69-98e5-594859814999
813,36,1/3/2018,10:15:37,PM,47,Pansy Spracklin,100,8aafdf1a-cea8-48e3-ae12-f82ca58ce54f
980,26,5/30/2014,18:47:07,AM,49,Tracee Pharaoh,99,95a47ba6-30bb-4dab-b772-bf23f867759c
770,27,11/2/2014,8:51:31,AM,18,Sianna Yosselevitch,87,342f1a26-73fa-4e7a-816b-c22f77f49d73
1531,2,9/9/2018,8:50:27,AM,58,Annetta Letchmore,14,f105fec0-0586-4752-b29d-d87dbc32d7e0
828,45,5/6/2012,12:32:05,PM,80,Keslie Zorzenoni,3,2fb23be2-5c28-4f12-a127-ec21970097b9
276,8,10/2/2013,10:39:47,AM,83,Aurea McIlvaney,54,2d8d5e4e-ce5b-48b9-89d6-438f8a2a8bad
1471,13,1/17/2017,3:10:51,AM,40,Boycey Tolhurst,23,9d57d6d2-b6e3-4045-aece-cc1849edcc58
634,49,12/15/2015,16:10:08,PM,67,Charisse Pardon,16,e8afc2e1-9cc5-4a6b-b60a-09105f8043ef
1806,30,4/30/2012,19:59:06,AM,23,Gwenette Cottey,99,f2dc4551-41cb-49d5-88db-d491dd68522e
74,45,9/8/2014,23:09:32,PM,3,Syman Ace,69,ef894509-8c1d-41b4-8e40-7dbfb1004c3e
1993,15,4/17/2016,0:53:30,PM,15,Codee Phlippi,33,bff5945c-8b8f-443b-b288-48a455eadce2
1276,23,11/25/2011,10:13:58,PM,62,Raffaello Dommerque,85,8e4415a6-38d0-4cce-8ad0-62fbef2e0255
1470,9,12/11/2012,23:42:08,PM,15,Rudd Anten,89,d3fce32f-bb9a-4fbc-8e23-321298f26fea
646,6,2/28/2019,3:35:34,PM,90,Cindra Mcwhinney,93,9dea91ce-d354-4192-b9ae-45b84abf649f
954,48,9/14/2015,10:41:48,PM,49,Prentiss Giocannoni,31,87345409-8d36-440e-b622-64a47a51b4c2
472,22,2/5/2013,21:41:44,AM,69,Trefor Oldale,47,e42bd67a-8517-4312-8ad6-52a52b41ac28
563,34,4/20/2013,12:27:07,AM,46,Lona Cunliffe,49,8fb5e7c2-41c9-4afb-8860-bae7f46e9cac
162,49,12/5/2012,16:49:52,PM,52,Velma Jorcke,88,062c0717-8f84-40a9-b8c8-704858d6e0cb
301,17,10/28/2019,5:09:15,PM,46,Payton Gomersall,89,76c4a0fe-8d66-4af9-aa4d-e7a67407fbb4
71,7,11/1/2010,17:11:32,AM,63,Francois Buggs,44,5794055c-5901-40c1-a19c-1e1115c3d141
1268,19,8/14/2014,7:23:28,AM,63,Hadley Braley,40,66f27169-93ec-4d5b-8e53-4a693cf7d283
870,34,6/30/2016,15:16:24,AM,62,Hale McCaighey,65,2bf78ff6-c123-497d-90c6-6b94c737d96c
562,32,6/18/2016,13:26:25,AM,20,Olav Bedwell,75,d0c420a2-93ff-4ca0-bd83-a07c30b296ba
1472,22,5/26/2013,22:25:20,PM,77,Leia Folling,56,207a900c-6437-4a3c-8b4c-1ae4e2972f62
931,19,11/21/2019,12:47:40,AM,71,Allsun Purse,49,cdef5d72-7862-499a-a7d6-0510fab073d4
1999,45,7/26/2014,0:09:51,AM,20,Berton Espadas,5,88bcacc2-ff71-4cdf-a4ff-c8a5d4a6b513
243,40,3/15/2020,23:45:30,AM,4,Dur Heffron,91,4af50838-d80f-4664-8ab0-5a5e22a95b5f
966,31,10/13/2016,0:57:41,PM,41,Francisca Piletic,21,45eec128-2c1a-4e88-a474-a070866a11c5
1830,24,3/15/2018,1:42:37,PM,48,Zacharias Setterington,27,4c6f7e2b-df15-45ce-be36-d8b5af24d949
292,40,2/5/2013,11:56:01,AM,84,Mina Lavielle,7,886f7051-1443-4df8-a9e2-dbe03a4e2186
74,44,1/31/2014,8:46:40,AM,2,Irvine Charlewood,47,8cb9eb71-45c3-409e-92ef-5efa837e1cb7
336,45,1/31/2011,11:33:30,AM,58,Burr Spera,78,d66b7496-935f-43fc-b3b7-e8979040f7d0
1366,46,4/16/2019,15:21:47,AM,95,Vitoria Shoute,72,a9796dfe-fc9e-496a-857b-0c0c4d5aa0a9
172,23,7/25/2018,17:57:07,PM,3,Briano Gladdish,42,4d166827-e31f-4e24-a625-3fdcbd58f9ef
1366,7,4/5/2020,15:00:04,AM,42,Mariya Learmonth,72,3a7b7739-f94c-40d5-8a47-36409ef55ce2
608,26,10/2/2012,10:01:03,AM,83,Zelig Bate,29,9574cb00-03f9-4104-bba1-20d0dd391c33
1441,5,2/4/2015,8:57:56,AM,31,Candie Peckitt,57,2feeb1a7-f3dc-498d-98dd-04a1d590a474
8,48,7/28/2018,2:32:05,AM,42,Nancee Lidgate,56,bcb290d2-40c0-4337-b256-f47cb568d8d4
431,26,7/14/2011,21:25:32,PM,25,Andreas Sawford,47,c25542e0-cd37-4104-b9da-7d322a56e410
784,11,10/16/2019,1:29:03,AM,14,Lazar Emps,31,2c37a5ca-c861-4f73-b7b8-70a6db324567
403,38,5/16/2016,16:58:09,PM,11,Alessandra Webley,81,6a5c1ea1-b9a3-4850-9701-997944dbd972
1079,21,5/24/2016,14:55:44,PM,75,Belvia Issacoff,81,1733183c-14e3-4717-a737-ab0ac8319dd8
1239,36,7/7/2011,19:34:45,PM,17,Editha Cockett,26,acf1399a-83d6-4382-8c65-4c76505f7da5
1172,14,9/21/2014,11:12:45,AM,85,Fayina Penhearow,14,c64c6517-ee48-4635-b469-c5a0bc346cf6
489,3,9/22/2018,0:25:47,AM,92,Fara Delia,25,50c8d74b-efa0-4b7c-bb4d-9935ace37725
1814,18,4/12/2019,20:16:33,PM,43,Tirrell Barracks,30,cdf7b3dd-4e5b-44d1-bbb7-0b6e987a83b0
660,15,9/14/2013,11:42:45,PM,99,Jobye Friedlos,16,2a634a47-84d1-4131-ab04-a091af6de0cd
1930,50,8/3/2010,13:21:45,PM,93,Bartholomeus Heenan,76,e335466b-8fe7-494b-915c-bffc0d5d1a0f
296,3,1/25/2017,16:03:44,AM,69,Truda Berrey,94,320407ae-4a3a-4600-9d2c-e6a0b875a694
1017,35,6/25/2011,10:30:34,PM,70,Lalo Doram,40,6e13915c-2f62-47d6-b69c-f2a805ced4c5
825,9,5/18/2010,13:34:15,AM,36,Yevette Risman,80,d314508c-ec82-42dd-9795-ee359fb74f48
1152,15,2/1/2013,17:55:33,PM,45,Mariquilla Grivori,45,71df1d64-33a3-48af-83c3-02fc5a30cb73
1261,45,6/30/2010,6:09:57,PM,89,Genovera Prendeville,82,ddbb5953-349a-40bd-9487-98f324dd3e38
1312,18,10/19/2018,11:42:29,AM,45,Milicent Sneaker,67,109621bc-e98a-4047-9324-8a26721fb2f9
1108,8,1/31/2020,12:53:09,AM,20,Stearn Gravie,46,f958edc7-3d91-47f0-960d-1d542be6c948
1877,9,11/3/2016,2:21:06,AM,32,Ange Menhenitt,56,b2c6fb48-e079-42dc-8bdc-aab6c9feed6d
519,50,9/16/2016,14:34:08,AM,64,Ezmeralda Louthe,40,a7c00757-1c6b-4b8a-a64a-d1b7973bded5
1944,28,1/16/2015,18:24:28,PM,21,De Dimmick,16,1f38f131-d176-49ca-8237-224b07396ebc
154,17,4/12/2017,2:01:22,AM,63,Ali Shawcross,46,05f5b97a-0b1b-46ac-b639-41be40fb9c3f
1577,13,1/6/2012,1:27:33,AM,17,Rafaellle Manifold,38,4bf31d91-8a46-47ee-ab90-7df574debd13
951,1,2/9/2012,4:38:40,AM,32,Lucinda Estoile,27,6230f99a-ad61-4e0b-9ea9-bbf6b2588d5c
277,24,4/25/2017,21:44:21,PM,57,Rodrigo Swafield,55,d379a34e-2559-4e25-bd54-23b12e261c6a
958,9,5/15/2013,8:18:29,PM,32,Melisa Glasgow,80,a46b97f9-e62a-4b62-8dce-c3697ece9b5a
445,47,11/3/2017,1:57:55,PM,40,Tate Charity,89,350b5a8d-2f12-4bae-aad7-cac8216b078e
1045,23,9/13/2010,23:24:20,PM,46,Anatola Amyes,92,fe4f88af-5537-4c2e-9260-77b793529bc1
814,17,7/12/2012,23:46:45,AM,69,Faustine Archdeacon,82,0f10df2e-7776-4494-b847-b2abe61e2860
412,44,4/18/2014,13:14:07,PM,9,Clementia Shankle,10,a98a094f-e421-4eca-b112-1b2f6afbd67c
1100,5,7/4/2010,13:21:58,AM,34,Dorelle Folds,67,3f0b06ba-9ecc-4024-9c17-ed9f1e011156
1402,33,9/30/2019,7:01:53,PM,99,Benedetta McNae,56,b817507c-3246-4c6a-95c8-14ffa6492c2a
559,36,11/9/2017,0:34:10,AM,9,Raven D'Cruze,29,edf2e9fe-6d9b-4456-86ce-b790cf5b5bca
73,47,3/10/2012,19:26:31,AM,8,Jenna Derry,81,a7a777ad-a1bd-4cf5-975d-00d9ee4983d1
1407,46,6/10/2018,3:58:47,PM,99,Rosana Laux,17,fb806d46-e603-4029-88b4-9e5a4c3cbb18
315,34,7/16/2014,7:04:32,AM,58,Hedwiga Oats,3,c1a0bb8c-49e9-4a61-b56f-76bd91454f91
1821,30,10/1/2013,5:40:56,AM,50,Kelley Hurring,82,34c02c6f-f150-49b9-94e0-04b2182f0d04
407,19,1/3/2013,21:02:11,AM,56,Natividad Roddick,64,837d06d5-67b0-4d76-bc64-ae48c8c3ae23
1613,16,5/16/2018,21:50:52,AM,77,Lurette Cullen,14,ea699346-aa5a-47f5-824b-3956c485ae7e
1260,27,8/29/2016,1:27:22,AM,21,Aubry Strathearn,57,bd7ee9b7-b347-4a71-b943-43f2760769d8
273,33,1/26/2019,6:35:49,AM,98,Fitzgerald Coggings,70,de2ccf1c-6d6e-49a7-bd9c-1b92c58741e9
1622,37,5/14/2015,9:54:47,AM,96,Chevy Tasker,68,2a9583cf-5080-462d-8f8a-d516a9a69f00
857,9,7/12/2019,18:16:36,PM,34,Byram Corteney,33,9dbd1d2d-30fc-40f1-ac9c-cf093eb63c11
1267,42,7/20/2016,8:45:30,PM,64,Gretel Dungate,18,b04cf561-660b-40ec-8d9e-fab9df91c634
1165,45,11/22/2017,21:41:00,PM,75,Sharona Pegden,14,035e2f0a-1574-4812-9ed1-bf77cd95013b
897,39,3/16/2017,3:37:34,PM,27,Jermaine Rumble,31,647eccb6-fe21-456a-bb60-2e37076acad0
1126,15,10/16/2011,12:47:48,PM,88,Alano Ghidoni,11,e0ea6aa8-64b6-4b2d-b2ee-d14f705ce55b
953,15,12/9/2012,16:01:07,AM,72,Lucita Brunesco,39,ad2efbd1-9a38-44ef-8f52-79209123c271
1680,1,12/7/2019,12:01:08,AM,92,Aileen Long,80,58f0e292-2f88-4d49-9b35-48fd04f92122
40,46,7/29/2010,5:00:19,AM,89,Derron Reape,45,cb357351-b22d-4128-9a75-43997d9f369f
715,31,1/15/2013,18:50:02,AM,87,Lorrayne Sloat,65,8e1f2afe-0f7e-474e-8219-6de145d94205
716,30,8/10/2018,17:00:17,PM,41,Arte Skeels,22,706e006e-78c5-4d01-8bc4-29601092669d
533,38,12/4/2012,5:16:47,AM,2,Gilly Hanna,38,17c11a49-ff21-4465-9a7e-eb981ea4692c
524,32,8/1/2013,19:49:46,PM,61,Dasie Ridde,90,0a605197-8da9-4329-9aab-1607ed906ce9
1404,42,12/26/2014,2:42:34,PM,29,Maurise Frowen,72,4ff2fca6-527d-48e2-976b-94301e40802b
1182,32,4/28/2013,7:17:22,PM,74,Whit Leynton,94,04a77fc6-c2cb-44d1-8888-63917c17486f
805,38,7/25/2017,15:15:37,PM,59,Kiley Jeeves,54,ad44a858-6758-464e-ab3c-1b5f21ea2ad5
120,46,9/26/2016,20:51:16,AM,72,Aimil Marr,57,a15304d1-fb13-4eae-9059-3cb9ee4d2170
409,12,5/16/2018,2:10:22,AM,26,Candra McPhillimey,45,fa9521ba-d165-40ae-b884-97152196d199
1463,24,3/24/2014,14:20:17,AM,67,Windy Noone,49,50ff77f5-6f53-48cc-a9d5-4f87e72da1b2
1635,32,7/12/2017,2:10:02,AM,76,Claybourne Calbreath,80,10f86486-7db5-4519-b10d-1375624fda40
1774,26,10/28/2010,18:39:40,AM,61,Clareta Downing,8,31939c25-7e86-4b6c-bb5c-2f4eb9f827ce
646,8,12/18/2015,13:54:53,PM,72,Oby Bradnock,13,1ccbef83-c1dc-4a9a-a6a1-463153907054
1643,38,1/16/2016,1:23:05,PM,97,Jacquelyn Westwood,3,41c00915-d627-4bcf-8bf0-5ef90f1397f6
1851,28,5/1/2013,13:25:41,AM,92,Robby Pibsworth,66,1ba02ac7-9db4-4cba-b507-a3eaa0f69395
359,49,10/9/2019,10:53:09,AM,72,Alaine Mitchel,74,42ce1c50-9dc1-47ac-b2f4-8d670654ad06
1973,18,3/14/2014,23:39:39,PM,33,Dalt Foucar,78,c0f7d8bf-194b-4647-9ac6-0a2f657bbc0d
911,22,7/9/2014,6:39:52,PM,81,Gallagher Covington,73,ca4f3a35-f772-4cba-b19b-72169df5c5f1
1984,46,7/14/2013,22:24:26,PM,7,Paige Pasfield,35,e51bc363-74da-49dd-85b1-f9ba02155acb
1941,22,4/7/2018,13:51:22,PM,53,Drucie Easman,65,cca5e8d4-0cda-4a19-8a81-0c2c956c6348
436,31,2/14/2015,9:18:50,AM,31,Britney Southam,80,1a84bf0a-053d-4395-a4b6-2188b6f81cac
162,15,11/18/2014,6:00:26,AM,90,Hulda Rominov,62,48c45944-8818-412c-b72d-4d130c11d14d
1944,27,3/24/2015,19:55:34,AM,7,Dode Beinke,19,c4b6e922-e24a-41a5-8a76-306a40aca324
1782,49,4/8/2017,23:44:26,AM,28,Stanfield Rief,85,a4e1cb8d-78af-4a5d-9078-f45fb385ad34
111,24,3/17/2013,12:22:08,AM,31,Lindsay Gilffilland,19,e122e659-d81d-45f3-b405-49e25a89bf71
1963,33,10/12/2014,16:05:33,PM,12,Sinclair Jameson,21,0118eddd-fafd-4d91-a034-c7214860b68f
1756,7,11/17/2019,12:32:20,PM,31,Madeline Donaho,1,bc0ac9bb-f32b-4fa2-8233-1cf0648c1976
1274,49,1/4/2012,2:23:15,PM,96,Elwyn Diwell,16,735c8fe3-ea72-49d0-9636-4091e7d030b1
1955,38,12/23/2014,6:15:37,AM,56,Miller Wrightem,79,83d1d691-5bcb-4c06-a754-7c0108921f1f
621,4,1/15/2017,15:38:37,AM,89,Kimball Duthie,60,0667f47e-51e6-4d1c-a35c-b001ab3049f2
1584,49,12/21/2016,11:06:48,PM,35,Remus Darnody,65,f58017dc-24f3-462b-84c0-fc82ea4785fa
1497,3,12/31/2012,18:29:18,AM,27,Demetria Attlee,89,83640f93-0391-4f98-8a34-71aa9a3d3c1f
793,13,5/31/2018,6:05:22,PM,88,Sherri Houtby,45,8a0d34c6-ea2d-4221-be65-8832d8a5ee3e
1773,44,7/29/2010,0:24:46,PM,6,Natalya Briereton,88,672f8b0d-e069-4ed4-b547-45cbec347570
1837,12,9/29/2013,22:56:15,PM,38,Leif Batting,24,a8682024-6738-45d5-bedd-aee8af88d0fa
284,37,12/19/2017,5:16:28,PM,27,Frannie Dary,36,9dc80880-9e8e-4354-9400-bdcbddf66dd9
540,16,8/2/2010,2:55:17,AM,84,Mario Crewther,96,6ccef63e-c349-4af9-a29d-dcda38691f2e
1116,33,8/28/2019,16:17:51,AM,47,Alf Hugle,34,e9317d75-dfbd-404b-8f01-7ce53fad1146
1020,5,8/3/2010,11:32:44,AM,47,Averil O'Nions,37,7ee6a182-c7fc-4c75-b365-b35c4f8954be
934,45,4/24/2014,11:45:26,AM,22,Virgil Denisot,45,e0445ec4-9043-4520-9fd9-e7135deb47ff
583,6,2/5/2020,12:33:55,AM,44,Phillie Collyear,46,e92a14da-4c2a-40fb-b2b9-ff339ba9521d
1277,10,9/2/2018,13:10:46,PM,36,Niko Alywin,73,33543d7b-2215-4de1-91d5-3238e2b88b2b
755,43,8/9/2019,21:37:10,PM,20,Tymon Poncet,53,1fb0186e-71bb-48f2-9c9b-e3b72587df25
159,42,10/25/2015,23:28:21,AM,10,Maire Wark,72,424efde6-5445-4985-b403-8eba9de60911
1610,11,5/20/2018,6:55:20,AM,80,Thomasin Brownhill,21,678d8648-48c2-4b79-985a-1957ece880aa
479,45,5/29/2017,10:50:57,PM,59,Nike Prando,85,8444c6f7-879e-410f-990f-1d0195ed96e8
1264,14,9/29/2010,17:37:13,PM,4,Eleen Petow,84,804648bd-c394-436e-aa78-7ab6c3921718
260,25,5/10/2012,7:13:11,AM,72,Burke Yakobovicz,82,c3b0a9f8-2387-44bf-ad8f-0ad6f4c94411
133,47,12/5/2011,6:35:05,AM,81,Raye Samet,66,c0fe291b-f603-4778-a168-1e762b4421dc
1414,31,7/11/2010,12:28:11,PM,62,Danette Lang,36,c079a6e8-c8da-41f7-8bcf-85790b9811e3
919,7,8/5/2019,11:39:37,PM,54,Mackenzie Perschke,98,f59f8cf1-6e3f-4e94-a626-f2f8a2543b26
380,21,3/5/2014,14:04:30,PM,63,Janenna Follen,10,5f0b8c03-1a55-4705-b761-c0e76eb1d9d3
1240,11,5/12/2013,9:16:40,AM,100,Claudie Glass,65,af8b2a10-8e10-4761-a497-a42b03395772
1832,8,4/15/2012,17:02:49,PM,29,Mora Vann,7,c3e636d9-f95b-43ef-ab08-f66d72a15834
1055,38,11/30/2014,5:35:12,PM,97,Opalina Pote,84,07185da9-dffd-48b9-bdb7-1e510e8cbdd0
1263,47,6/11/2019,19:59:30,AM,21,Alford Culbert,91,63bfc942-d767-4c8b-9268-bb3fb6f7c40d
1526,38,1/14/2018,18:19:12,PM,86,Tawnya Ambrozewicz,16,792b8ac4-4932-4351-b065-413eeacf861e
1729,33,12/31/2010,3:39:53,PM,81,Bobby Justham,79,02e60b30-218a-47d8-bf59-4a13259a6b1a
651,13,10/1/2018,6:07:32,PM,34,Hakim Bristoe,24,4adb3838-66fd-4ccf-b7be-ae805a2b0d7b
550,16,1/6/2015,17:41:06,AM,71,Lainey Calderon,24,105e87c6-b373-4b6f-8d2c-368451681391
1352,17,7/27/2013,14:08:11,PM,94,Cyndi Pithcock,36,886b0294-1943-4ff3-b44a-c37b84cc0a39
481,43,3/19/2015,19:25:43,AM,17,Iona Lambard,76,df54150c-b359-44e6-baa9-6cd7c13a8ed3
1720,5,3/5/2016,19:24:06,AM,33,Beatrix Spat,25,cc021098-fcb8-4798-be45-059c0965ab74
1922,7,2/23/2015,14:48:58,PM,35,Ariella Mc Grath,42,a2aaf9f5-369d-48d9-8a5f-5d2a7490e078
1537,10,7/19/2017,23:08:06,AM,87,Charita Stotherfield,95,2332cb8b-b2e2-4e64-ab7f-dee9f3d37650
378,4,10/13/2011,14:41:53,AM,93,Brendis Tour,78,9221ab2a-326f-4180-bba9-82d0b5aa85bf
1455,49,12/23/2014,20:29:16,PM,14,Abdel Girt,16,dd9e6d07-e933-47ef-9468-ed816ec234b5
509,11,10/17/2012,18:16:17,PM,48,Delinda Gaze,65,35eb29ee-54cd-4195-92e7-e89566c56d8a
241,13,4/26/2014,18:35:41,AM,87,Hallsy Hazelgrove,6,11af5b76-6246-45ac-921e-e91e5bcadbba
1542,32,11/25/2019,21:42:31,AM,12,Manuel Bryceson,83,80c8dc89-db6c-41bb-9aa2-3a79a15561f1
661,7,5/1/2014,11:48:40,AM,45,Darice Bramhall,63,31f8b711-8cdf-464e-829d-6c5cbfacd60d
376,50,10/23/2017,4:22:56,AM,17,Randall End,70,47d5e877-c541-4a5a-bec5-cee6745809b9
1741,1,11/8/2016,18:06:19,PM,95,Anni Seldon,66,e3f9f440-cb9a-431b-8237-d315827754c1
1124,39,1/20/2015,5:24:15,PM,13,Karlyn Fransoni,89,2cb2f54c-56f4-41a9-b0bb-5b711b260b5f
539,38,8/12/2011,18:48:54,PM,69,Emmie Limpricht,6,29c5f3cb-de09-4f25-8194-6082a6e79ce4
1128,30,5/8/2016,15:28:41,AM,82,Lemmie Leates,20,32fa9c6d-6aea-4b63-a465-83ce2df0aeaa
1688,34,8/21/2019,19:33:53,AM,48,Mack Ramelot,23,0a43cd84-b491-40a2-b539-1e015d334c6b
1519,10,8/19/2011,2:52:34,AM,76,Ellery O'Hegertie,17,d1169a05-1ae1-49f5-8099-43f53e13a782
1626,40,8/29/2014,0:55:44,AM,99,Lurette Arnecke,56,d748774b-cb8f-454a-a684-d764feed0722
1577,11,4/28/2017,3:55:55,PM,90,Ozzie Rodda,65,abafa0af-ee57-491e-8517-dba7a094ff5f
508,20,10/12/2018,0:34:43,PM,9,Stanwood Ivakhnov,45,e38dc8b2-499d-4729-8591-23f0564b6139
1522,33,8/4/2018,4:47:00,PM,47,Kathlin Howsam,82,ff2cd0d3-7afa-4c86-8a71-17724eeff433
1440,36,6/16/2014,22:59:31,AM,66,Eldredge Novotni,81,ef99e553-ab47-4294-9636-fd7bc50e22cf
109,43,6/16/2015,6:32:49,AM,91,Andree Basketter,91,868a1420-74c3-4a57-8a62-eca4ccf1411f
1011,26,12/23/2014,7:43:41,PM,32,Masha Vidgeon,83,234759a8-af14-4f2f-965b-65141a18212a
77,7,3/26/2019,11:03:54,AM,59,Rudolfo Toby,11,961f862c-4469-43ac-bfa9-f6efb719fe05
824,7,3/23/2017,16:40:33,PM,90,Geoffry Abramski,64,0b307b44-3b7b-4ff1-997c-37145d2eaeef
1584,37,4/20/2012,14:00:49,PM,37,Maurizia Treweek,81,a3e5abf0-df8a-4247-a270-f7b2b13b86e2
559,31,10/29/2018,22:47:05,PM,13,Erminie Shann,45,8a0d3ae2-aa74-4bad-b64d-1cc42f7720c7
1932,38,6/13/2015,18:15:56,PM,97,Brigida O'Hearn,26,57fe82df-5d4d-4eeb-947a-31b3cc8a967c
392,18,5/11/2013,3:37:39,PM,67,Pier Loughney,90,ed6cb131-c29d-44c6-be73-0637a691ac52
620,14,2/22/2016,1:10:00,PM,99,Claribel Hildrew,36,c85a9db5-fa10-46ea-9526-0bbf3ee38c60
1351,27,6/2/2010,1:06:52,AM,28,Viv Franzke,61,55a24126-cdcf-46e8-a152-caa67acdbd55
214,22,4/7/2016,11:05:53,PM,52,Adriena Onians,44,362e0b57-fbfb-499b-8071-43e62fdb5adc
290,10,4/10/2014,7:41:03,AM,48,Marita Goult,41,0a22ee9b-dedc-4d64-875a-46970ce3886e
212,11,3/23/2013,19:36:30,PM,25,Jourdan Haysham,68,e293482b-d290-4678-b5df-0d8e0b7f3781
1120,22,9/10/2014,8:04:14,PM,81,Therine Westphal,76,258e6b88-26b6-4787-ae22-1206e625c513
142,36,11/21/2011,6:54:45,PM,80,Jemima McCrillis,99,d650e3b2-e52c-49e7-97d2-c9f28df28793
1925,12,12/7/2011,2:57:42,PM,85,Leone Kinnon,21,8b4da1bc-b2e2-4af3-add5-50be2e4f9d8e
1997,15,6/23/2019,16:00:19,AM,65,Cathe Ffrench,44,46674fd6-2c54-47db-ba5c-7233237a4609
1139,42,1/24/2013,1:31:32,AM,26,Desdemona Scoines,85,833f3172-3c40-4ce3-9b9b-708cd49e1572
294,20,8/27/2011,5:11:36,AM,50,Pauletta Brampton,54,841ba5b1-0772-4246-81e2-9275229b326b
963,32,5/9/2012,8:45:57,PM,12,Vonni Eddie,31,e63fbfe6-0976-4bc9-b8e7-1ce217872426
947,34,1/12/2013,23:03:04,AM,54,Adriena Sawkins,19,f385feda-4637-4626-9ae0-c3abff5a31dd
321,4,10/6/2016,1:03:05,PM,10,Jacques Ghelardoni,46,163d833b-211d-4c67-a819-0769a14cd7f6
1501,43,1/5/2011,0:52:05,AM,56,Jerome Tulk,61,8a3788ae-b408-490c-8ff6-d6a428c54164
386,44,10/2/2019,23:53:13,PM,57,Flemming Spera,6,ef354882-0fff-42b8-b3d9-12dc93e209c1
935,45,3/31/2011,23:52:42,AM,73,Rorie Gillett,55,1209d54a-f769-47cf-a0be-18711214ddd7
799,35,10/23/2013,9:39:46,PM,3,Birdie Buse,36,e87362c9-01e9-42a6-bd15-a2f7f7769474
1470,38,12/8/2016,19:13:24,AM,98,Roselle Gabites,68,f1ce08f5-6166-4ce7-af3e-b85f30f82746
1392,45,8/15/2017,8:48:52,PM,78,Lissa Trowell,53,04757338-7f8e-4af9-b622-8cc678d5ebbd
414,36,5/18/2013,22:44:29,PM,46,Briny Synnot,60,5f32c773-1333-4829-8864-cdc2e983af79
1826,35,3/3/2014,10:53:07,PM,30,Helene Matonin,31,a5064901-b3fd-4490-ab4d-e237bcc6ec94
1127,22,4/22/2017,12:18:58,AM,85,Erek Milleton,68,bd752eb9-b79b-44be-b57c-a9283ad3a728
238,18,5/20/2019,10:24:12,AM,72,Caldwell Orritt,59,72a0af49-6920-4d6e-9a06-5e6567535c1a
944,50,7/5/2019,0:06:31,AM,27,Dael Maslen,45,aafc4ae1-e7b6-4d3b-97ee-71ed583e45ef
1607,16,9/8/2018,7:41:51,AM,59,Lock Simson,97,6ee44c1d-f3c5-4c9d-afb5-329e86716f39
454,19,3/18/2019,4:10:44,AM,18,Celine Mulligan,51,8939d8af-c6fc-477e-8235-c08b19f99101
394,25,7/15/2017,19:09:42,AM,41,Eliza McCarney,29,b76a1275-5e1d-468a-a2e2-b63da7c4106d
831,22,5/23/2010,21:57:22,PM,4,Maynord Berston,89,ea1812d1-c6e7-425c-ab59-79f80b41075e
1185,10,7/19/2010,23:37:38,PM,20,Korry Heady,72,f1b7508e-4432-4e09-91bc-e84a5ad59153
734,26,3/17/2016,22:49:14,AM,61,Willette Hardie,16,000ab1d3-7978-47dd-a12b-d30443ccf2b3
1181,7,12/21/2013,21:51:12,PM,11,Lida Lancaster,55,549dcbaa-36a4-4a1c-8dea-38faea5cc647
1475,2,6/29/2019,6:49:07,PM,88,Fanechka Guittet,96,cac5d679-0369-4201-8068-33ac303a5c7c
399,29,6/10/2013,9:14:01,AM,46,Westley Kilmaster,50,78006331-e141-4897-b3a4-3d73a691c302
1965,31,9/19/2014,14:16:27,PM,52,Veriee Dorken,72,d7cf627b-e4c1-4c5c-8555-45a65f3ef371
1411,25,6/19/2017,7:41:52,AM,89,Jere Giraldo,38,3a80aa35-c11b-4490-8d7a-0866cdb68aaa
1004,7,6/25/2011,3:14:52,AM,16,Marilee Wrankling,17,51952ed3-f364-4994-9523-f639f11cd54a
854,32,5/19/2011,3:35:47,AM,15,Hayley Tunnah,50,81afdbce-9c81-40ce-993e-ac81afc08d3b
1011,50,2/5/2016,16:16:27,PM,53,Filberte Beachem,19,f50dc3ae-fbb1-493c-b353-af87edb94fe7
1209,16,7/29/2012,9:36:49,AM,92,Tammie Parram,65,aea01666-38f0-44f3-82da-d955750d2863
425,44,2/18/2014,7:38:02,PM,53,Idaline Kees,70,2acb8589-ddba-4804-b703-c8d26a66f094
553,34,1/21/2018,11:41:30,PM,68,Arley Bearne,63,501b2bfe-7599-4b1a-b687-ee73b1a2481b
879,9,7/15/2019,2:56:16,PM,54,Maggee Alpin,12,d53c5cc1-2bc4-4ab3-bf7e-ea8292d4d3cc
1725,33,7/20/2017,23:51:19,AM,20,Anselma Burren,68,91ed896c-90e5-47a3-b07a-6f0fac892c99
1027,26,1/2/2016,9:16:09,AM,54,Marc Pasterfield,98,a19151b0-eca7-4e0d-8f06-5863ea303d6c
1520,31,2/25/2020,21:58:09,PM,21,Crosby Hawksby,76,f6456e6e-9e59-4fdd-8f17-217e2502ee65
688,23,7/30/2018,0:15:23,AM,63,Briana Kneesha,10,6cc66593-56a5-4c1a-96f5-d8dea704dc77
1594,11,3/21/2019,18:32:27,PM,93,Abdel Brandi,9,9b82d7b6-a19d-41b4-9450-72de9e97d7e5
590,40,11/18/2015,7:44:57,PM,76,Rois Sammut,44,84bdb7ee-a4de-4db6-84fe-f4d4e768bd4c
314,28,1/6/2016,13:01:49,PM,64,Ivy Sheekey,26,f3209c42-9e8a-4609-8fe9-404d55e44e05
1413,29,3/10/2013,20:28:34,AM,28,Jonah Coleman,64,e4313d7c-4d28-427c-919f-321b9eb660d6
646,21,2/16/2015,12:12:24,AM,37,Cathee Swinerd,31,6d8d5757-2d61-41b7-9cb7-8d76b3a56f0d
290,21,7/13/2019,15:34:57,AM,46,Akim Dockray,70,80217db5-446a-4654-b2f1-96aa433628b0
1399,2,4/28/2012,19:55:02,AM,75,Des Lorrain,18,22933fb5-7d56-4a2b-a9bf-ee35fb9c7d09
1673,35,6/19/2010,17:38:18,PM,47,Loretta Collibear,82,189103fd-8daa-4c9f-8b0b-cc28c05f50e5
752,35,2/24/2012,4:24:35,PM,48,Allyson Balazs,21,a16614eb-070f-4474-a6a6-555ff6b9e20e
1258,45,11/8/2012,8:25:40,PM,4,Nanette Rosel,30,cbac06ca-9171-42cc-af9d-9a7c2344c2b5
1827,32,4/6/2013,20:53:52,PM,82,Maryellen Matlock,23,bab2e145-3494-4cfe-bd92-ab8604dce123
212,48,2/13/2013,18:57:08,AM,27,Charles Plaschke,39,a9b27407-6561-4798-9f1c-f36ccc848167
1775,25,10/23/2016,1:29:29,PM,20,Carmela Ewin,27,247f69c0-f0fa-4c73-9efa-358239a97fb0
610,40,6/6/2016,2:56:29,PM,60,Margarete Bann,18,5893ec78-d71d-4504-ad81-70712049ca60
1062,40,3/23/2014,0:41:44,AM,81,Galen Lund,13,4531b3a9-1ad5-4839-9266-e8c96c5d19b0
689,49,3/17/2016,0:49:50,AM,61,Rene Zavattari,39,fb103b25-c89e-47d8-ae79-51184d384dc4
756,18,1/17/2015,21:54:40,PM,94,Mycah Sparey,35,6e1548c5-93a9-4554-adb0-76f4fa072dd1
100,6,8/29/2014,12:45:12,AM,87,Colleen O'Leary,97,0e9c44dc-faf2-40ee-a222-1f57078be86e
364,34,8/15/2016,11:52:19,AM,63,Hadleigh Cherm,18,a8a3d4cb-a833-436b-9936-145f5bf23916
20,2,9/5/2016,19:07:58,PM,65,Ernesta Iczokvitz,30,7d4c66ab-7686-4dc3-a139-b0c933207c13
276,7,9/28/2016,3:43:33,AM,30,Simone Gribbell,53,eaf44fd3-505b-40ad-930e-5695144d339c
453,10,2/14/2011,19:21:55,AM,93,Noami Andreasen,28,59dcbf76-4f26-453a-94a4-9125263b6cbd
1097,36,1/3/2017,13:45:27,AM,4,Massimo Loosmore,68,f8635020-2731-4b4e-b162-b4b1afd2e106
395,39,8/26/2011,13:47:28,AM,34,Jareb Woollcott,74,75b20862-4e4f-434d-a083-14e9aa721646
186,30,2/22/2012,3:36:23,PM,57,Inigo Mohamed,42,4f0ee4e5-b196-40f0-8c69-8a17fe1016ba
848,20,1/18/2019,15:47:37,PM,22,Raynard Bakhrushkin,4,d27bf4a6-9a06-466f-8f73-348a1ff7bb1a
484,33,11/22/2015,0:53:04,PM,15,Starr De Filippi,42,1ffa711a-ebdd-4f6e-a6ed-332e5cefd8ae
749,24,6/18/2016,7:22:26,AM,4,Kameko Shortt,21,5529a80d-79ef-4ae2-ae36-2ead2cba7007
132,33,11/6/2015,11:24:21,AM,100,Hal Gabriely,95,477e5864-7b1d-4cfe-81a6-042c464676e3
1184,25,8/12/2013,15:02:16,PM,71,Audi MacDunleavy,59,b6cedb9c-f3f4-4484-b7f3-c4aadd446c07
1559,10,5/25/2018,17:40:35,AM,29,Enrica Debling,29,2f950de7-5ff9-4b3e-8833-a60259f247e4
411,25,10/24/2012,2:01:44,AM,43,Rhianna Gligoraci,84,1a012de7-211c-4e45-93cf-4a166b8491d3
1001,6,9/7/2011,13:18:13,PM,96,Jorie Willoughby,57,6d761469-c5c4-4c2b-ac05-41bd2064da64
285,15,12/29/2012,20:26:31,PM,96,Reinald Normavill,71,324bc3a4-09eb-4740-ab53-c06e44d13f0d
25,43,9/8/2017,4:28:54,AM,13,Janaya Filpi,48,9ca058e9-5813-46b2-b563-a17540f5c27f
632,24,4/29/2010,5:04:46,PM,46,Kip Kopec,25,3594cc9e-e396-4eb0-9bf5-52166ddcebc6
269,48,10/2/2014,1:26:29,AM,100,Melba Shakesby,29,dd01288b-233c-47e3-93af-611407f197d1
1466,8,8/8/2013,8:25:06,PM,84,Dalt Edleston,73,11819941-866e-4290-b6c0-c30eed8c6d84
1979,42,4/15/2011,20:42:24,AM,58,Zechariah Wood,44,6fabead6-de8d-4c03-a338-cb212d11e5fa
114,40,1/22/2017,18:03:40,AM,19,Stanislaus Crimes,28,fcd10664-ab2c-43c3-97c1-0ba9dc0b26fa
1942,33,10/30/2018,5:39:34,AM,82,Chic Brent,21,0e44bbe9-e4d5-4183-aa2e-2dd9187bef36
224,19,4/2/2017,20:11:49,AM,15,Vevay Pragnell,48,59d6db0e-c142-4947-b899-b8ab594a1af6
522,18,12/13/2010,4:46:48,AM,47,Ainsley Edwicker,61,99063c0f-2d77-455c-90f5-e3647718794d
1694,42,7/6/2014,20:18:27,AM,45,Abner Bangley,95,4bb66a2f-8d20-4a80-9683-0f563528451e
1869,32,3/14/2013,16:29:24,PM,74,Moses Spicer,23,9618ab50-5f09-4b4f-9d00-0da04036831c
971,20,4/11/2010,2:04:44,AM,35,Teresa Bellam,87,dd283c5c-6c06-4a0c-94da-e8231ec91a43
1759,47,10/21/2011,6:48:04,PM,54,Bride Hamflett,24,ea524d13-d7ff-4875-8904-8a0a20fd7e79
244,28,11/21/2019,5:48:02,AM,25,Adelind Baggaley,19,f4daf4dd-ba1a-476a-a7c3-af84e2ec14c2
299,30,7/30/2019,1:09:51,PM,64,Gracia MacGaughy,51,f47a2284-bd5c-4c0f-97e5-17bad0f58ad3
1955,8,12/2/2019,2:09:50,AM,23,Berti Sauvage,77,1a517151-0b66-40c0-b39b-4392dcdda1d1
1200,34,3/3/2020,10:22:59,PM,44,Consuela Ibanez,28,3ce8c076-fdb7-4759-9c9d-b3f2086fdcd7
1671,41,9/4/2012,7:32:59,AM,79,Mellisent MacKintosh,76,bb1acd26-93f5-47ab-989a-fb976d319ca2
417,33,11/24/2012,6:45:52,PM,11,Harlin Nason,26,8ca4fe6e-6b40-48e0-be65-b82d5f7154e8
1833,43,8/24/2016,19:09:03,PM,88,Olivie Haig,36,8c1d181c-4358-4971-88e0-643548bc85ca
1572,30,11/1/2010,6:59:35,AM,38,Cairistiona Geer,46,14dd4ede-5d90-4775-ac16-653955a4566e
723,42,1/18/2018,0:56:32,PM,79,Quent Gebuhr,18,4395fa45-c39f-4be0-9cb7-5ba92a179b30
1862,32,8/18/2019,0:05:22,AM,89,Wendie Fealy,54,db7ac96c-3e19-493d-a37e-f8692136d28f
426,13,3/27/2017,13:02:17,AM,20,Bell Commucci,77,c4b3eabe-ef85-486a-a08d-440db39a2c76
768,43,8/28/2011,14:53:34,PM,16,Ethel Amphlett,21,ac9bc45d-f99c-4fd8-9b7a-e0c5e001f253
1220,12,10/23/2011,23:33:26,PM,15,Freeland Dubble,100,d01ca77f-05f7-4a3e-9ba6-36594c31d5e6
933,12,12/27/2013,18:21:23,PM,19,Kelsey Chadwick,30,75fb8b6c-46e1-46f7-802d-e811f29d80ac
1030,2,2/6/2018,6:43:25,PM,13,Toby Pannett,82,b92055bf-c748-4c77-b9ea-fb5218758907
882,29,6/2/2015,20:31:14,PM,43,Christabella Backshill,32,af3e5048-e3ce-4baf-adbe-3a914c46bbeb
1795,44,6/7/2016,19:22:41,PM,60,Kerianne Coldbath,35,8ff92ad7-99e2-4e93-aa34-b3307ed61ec3
75,16,3/27/2019,0:02:48,AM,2,Krystle Mayger,90,6a048d62-bf29-41dd-9fb2-7f868a577935
1107,19,3/13/2011,12:38:41,AM,74,Dinnie Segar,20,69e65eb0-4fc0-4082-8b53-5ea67e924166
1234,2,8/29/2017,22:43:13,AM,68,Jarib Ledur,63,f605527b-6a0e-470b-8cc6-9578a08c8873
1724,27,1/25/2016,10:09:19,PM,94,Lindy Libbe,72,1a710e1e-be5f-43ec-b6ec-b872542a7406
1828,25,2/17/2014,5:32:45,PM,78,Mohandas Bankhurst,12,2543fa2c-f83d-450d-98de-210d9557c466
1708,30,4/2/2015,12:25:10,PM,1,Jemmy Genn,25,b8c70ac4-170c-4ca7-a1fb-2040e4354476
123,35,2/18/2014,2:39:41,PM,55,Griswold Klamman,79,3da13178-eff4-4be5-8521-e09aca5f1a64
481,42,9/27/2014,16:31:40,AM,85,Anatollo Gocke,85,485c022f-4aea-45f5-a462-f09a83a42c10
1704,44,12/2/2018,20:31:22,AM,63,Meg Doul,15,02b14831-3fd4-4dcd-812f-5d08e7eed684
1194,31,3/24/2014,3:12:25,PM,26,Christiana Scourge,100,877ccbb9-ad7f-41e8-92fa-18fa7bf39819
1983,17,9/1/2018,8:11:05,PM,87,Ted Peggrem,91,bf3c7dea-f482-420f-bdde-6f01f5c19a7a
477,12,2/23/2015,3:13:42,PM,81,Filippo Horsted,100,8d695e10-ad71-46f6-8d1f-8fa5db95f0a2
304,50,2/1/2019,5:07:00,PM,47,Tobye Elders,95,165f739f-d4ba-40a6-9c7a-856a527d3ba3
1904,25,3/15/2017,8:25:57,PM,49,Clara Inman,27,8127fd86-2845-4912-afd9-372355d50ab3
146,5,10/13/2018,11:37:21,AM,94,Lita Buckhurst,74,39a5af41-7f6e-40b3-bcdd-e551a7dabcfc
1896,34,1/12/2016,15:30:05,AM,24,Fair MacScherie,43,3257c513-2cb3-429f-8b77-be9c8b6341e2
62,16,1/14/2013,10:04:44,AM,80,Cassandre Millwall,93,fd9c5243-d1d5-4bfd-b531-4c4688adf9cd
70,9,9/15/2012,11:58:40,PM,9,Hayes Leyre,63,8ddffbaf-788b-4e19-92fe-56b13297a703
49,49,8/5/2013,11:25:07,PM,89,Leanor Ellgood,19,b97353c7-a1e3-4dea-91c0-408f0e8478cf
384,2,6/21/2019,22:50:45,AM,76,Correy Willcocks,93,81e6f9da-c929-459a-a6c7-cb3786502de6
1194,28,3/23/2014,9:01:28,AM,52,Siegfried Strowan,13,a4cfb5b5-796b-434e-a2ab-fd9ee4cb0d01
500,28,12/31/2010,15:29:23,AM,74,Ernestine McBlain,100,eeb2fd79-fdcb-479d-8176-44db17e6efde
452,1,1/17/2011,12:34:49,AM,11,Ali Keough,48,55e10334-88b2-4b58-a89b-7bef9d727ac0
1527,2,3/12/2012,4:52:50,PM,61,Chrotoem Mucci,49,22751b99-e065-4603-aff7-acc7e20bfff2
1699,34,2/9/2011,20:05:42,PM,46,Shaylyn Ailsbury,84,b6181afc-ea44-4210-b236-206747382cc9
1395,26,9/3/2012,16:37:38,PM,13,Ileane Schwand,43,2f213ab2-17f7-440b-8008-ae45865a5aed
187,45,5/17/2013,10:45:04,AM,99,Ferne Server,68,45ad396b-5146-430e-b256-305a32209c9d
1886,30,2/17/2020,1:53:29,PM,52,Irv Gough,20,3ba1fbaa-01e2-4289-bf2e-9a0c802fff3d
785,27,6/19/2018,12:16:39,PM,99,Marta Mallia,75,302001f1-a040-4a5e-bf45-3ce40d26c1b4
1703,23,1/15/2013,15:17:29,AM,1,Florence Bramont,84,31ea962b-73b8-4533-91ae-c9d15722233b
1182,3,10/4/2010,11:40:22,AM,45,Trey Tebbett,51,f523619c-00f2-4f5b-a6f3-3d5a035fc7c4
1918,31,4/5/2012,4:20:41,AM,33,Borden Drackford,39,1e9d76d5-0e6b-4de0-824e-27ac1e8fd4c9
1221,33,10/29/2013,8:52:48,AM,54,Gino Allebone,22,489e510e-f7d3-4fec-8964-e5c519008c7e
1118,12,6/1/2017,20:24:51,PM,13,Alfons Drowsfield,94,c47b4b30-e48c-47bc-9ef5-69a407f1b9e0
1711,5,5/13/2017,2:29:43,PM,61,Sue Anstee,45,637aa558-a885-4836-b0e1-8344ecf33bb4
1728,34,10/27/2011,17:03:05,PM,59,Homerus Sampson,88,eb7bb20b-d7ae-487f-971e-ac690734bc28
588,40,11/19/2016,20:23:56,AM,30,Raye Paschek,33,0ce01180-b312-45b1-87d5-9d8f4f84ba0c
631,32,3/11/2012,10:56:01,AM,10,Philipa Gabbetis,45,6f0b1049-3d7f-489f-92fd-882ba7aa630b
1670,33,7/29/2012,4:55:04,PM,16,Alvinia Abeles,18,c45c2d49-06b4-49a3-a07b-0824346624bd
561,30,10/10/2018,3:15:44,PM,64,Roley Eastup,64,d2dec550-405e-4706-9029-ae8a2565e7b6
494,31,5/27/2015,22:10:09,PM,57,Abrahan Featenby,96,bd86f95c-b2f7-4c09-88ff-9cb07ae5a522
1528,11,2/4/2015,6:55:05,PM,35,Kleon Trodden,43,2bc82ee9-67fb-4047-9fd9-a297881b2706
1320,36,5/15/2014,18:24:26,AM,94,Twila Hurn,96,0b3c6c4e-9c52-4046-8580-2e7fd1d94f26
1319,18,8/27/2014,16:55:48,AM,16,Rose Sammon,72,3bd9e3d8-ee9b-4500-9c0e-15e9b1d1800a
283,45,11/12/2014,10:55:33,AM,26,Cassie Ferrieri,47,336e7f78-61dd-43c7-97dc-243f7a252e90
1695,46,8/30/2010,17:50:11,AM,77,Lazar Erricker,22,10f7d96e-6eaa-4830-98d7-3b9c634fdf07
1095,34,1/27/2019,9:15:14,PM,5,Reynolds List,75,8ac5e073-b027-46f1-845b-db0ddfe0f6e3
5,16,4/29/2014,6:52:25,AM,70,Gabriel Dinan,65,6af35d5a-4a5e-4a0b-8d74-db5b2094a264
920,31,9/14/2010,13:41:01,AM,3,Dianne Keelin,66,55ff1766-7ecc-433a-91d3-d44d0b42b6e0
265,36,4/29/2011,17:47:34,PM,92,Maury De Mitris,91,7eabe747-281b-4379-9b3e-cb0adcec7542
1828,38,12/3/2013,2:44:51,AM,43,Reinaldo Theseira,42,8a911588-8676-4b12-8501-392c35179942
593,26,1/29/2019,23:25:07,PM,5,Nestor Rilston,53,f83d961f-cd35-4340-ae5f-12e1ac438cf7
39,47,10/1/2012,0:23:59,AM,87,Xylia Sisson,92,dc8ec3e9-d765-4591-8a92-2060eaf57cc5
